[
  {
    "id": 1,
    "lotNumber": "123456789",
    "description": "Lorem ipsum dolor, sit amet consectetur adipisicing elit. Est, qui.",
    "price": "123 456 грн",
    "image": "/images/Picture.png"
  },
  {
    "id": 2,
    "lotNumber": "987654321",
    "description": "Consectetur adipiscing elit, sed do eiusmod tempor incididunt.",
    "price": "89 000 грн",
    "image": "/images/Picture.png"
  },
  {
    "id": 3,
    "lotNumber": "456789123",
    "description": "Ut enim ad minim veniam, quis nostrud exercitation ullamco.",
    "price": "150 000 грн",
    "image": "/images/Picture.png"
  },
  {
    "id": 4,
    "lotNumber": "321654987",
    "description": "Duis aute irure dolor in reprehenderit in voluptate velit.",
    "price": "75 300 грн",
    "image": "/images/Picture.png"
  },
  {
    "id": 5,
    "lotNumber": "654321789",
    "description": "Excepteur sint occaecat cupidatat non proident.",
    "price": "200 000 грн",
    "image": "/images/Picture.png"
  },
  {
    "id": 6,
    "lotNumber": "789123456",
    "description": "Sunt in culpa qui officia deserunt mollit anim id est laborum.",
    "price": "45 600 грн",
    "image": "/images/Picture.png"
  }
]