{
  "Home": {
    "test": "тест"
  },
  "test": "testuk",
  "header": {
    "callBtn": "Заказать звонок",
    "location": "г. Мостиска, Львовская обл.",
    "workHours": "09:00 - 21:00 Пн - Пт",
    "phoneNumber": "+38 (097) 243-94-10",
    "about": "О нас",
    "catalog": "Каталог",
    "delivery": "Оплата и доставка",
    "guarantees": "Гарантии",
    "news": "Новости",
    "partnership": "Партнерство",
    "contacts": "Контакты",
    "checkoutTitle": "Оформление заказа",
    "contactDetails": "Контактные данные",
    "fullName": "ФИО",
    "phone": "Телефон",
    "email": "E-mail",
    "fullNamePlaceholder": "",
    "continue": "Продолжить",
    "deliveryAndPayment": "Доставка и оплата",
    "country": "Страна получателя:",
    "countryPlaceholder": "Украина",
    "paymentMethod": "Способ оплаты:",
    "paymentMethodPlaceholder": "Способ оплаты",
    "lotNumber": "Номер лота",
    "itemTitle": "Товары в корзине:",
    "cartTitle": "Ваша корзина",
    "cartEmpty": "Ваша корзина пуста",
    "cartTotal": "Общая сумма",
    "cartCheckout": "Оформить заказ",
    "currency": "грн",
    "favoritesTitle": "Ваш список желаний",
    "favoritesEmpty": "Ваш список желаний пуст",
    "favoritesAddToCart": "Добавить товары в корзину"
  },
  "deliveryAndPay": {
    "title": "Оплата и доставка",
    "description1": "Уважаемые клиенты, обращаем ваше внимание, что мы принимаем заказы только через сайт и по номеру, указанному на нем!"
  },
  "categories": {
    "title": "категории товаров",
    "span": "Популярные",
    "category": [
      "Категория 1",
      "Категория 2",
      "Категория 3",
      "Категория 4",
      "Категория 5",
      "Категория 6",
      "Категория 7",
      "Категория 8"
    ]
  },
  "news": {
    "title": "Автоблог Motoallergo",
    "news": [
      [
        "Новость 1",
        "Lorem ipsum dolor sit amet consectetur adipisicing elit. Iure, provident?Lorem ipsum dolor sit amet consectetur adipisicing elit. Iure, provident?Lorem ipsum dolor sit amet consectetur adipisicing elit. Iure, provident?"
      ],
      [
        "Новость 2",
        "Lorem ipsum dolor sit amet consectetur adipisicing elit. Iure, provident?Lorem ipsum dolor sit amet consectetur adipisicing elit. Iure, provident?Lorem ipsum dolor sit amet consectetur adipisicing elit. Iure, provident?"
      ],
      [
        "Новость 3",
        "Lorem ipsum dolor sit amet consectetur adipisicing elit. Iure, provident?Lorem ipsum dolor sit amet consectetur adipisicing elit. Iure, provident?Lorem ipsum dolor sit amet consectetur adipisicing elit. Iure, provident?"
      ],
      [
        "Новость 4",
        "Lorem ipsum dolor sit amet consectetur adipisicing elit. Iure, provident?Lorem ipsum dolor sit amet consectetur adipisicing elit. Iure, provident?Lorem ipsum dolor sit amet consectetur adipisicing elit. Iure, provident?"
      ],
      [
        "Новость 5",
        "Lorem ipsum dolor sit amet consectetur adipisicing elit. Iure, provident?Lorem ipsum dolor sit amet consectetur adipisicing elit. Iure, provident?Lorem ipsum dolor sit amet consectetur adipisicing elit. Iure, provident?"
      ],
      [
        "Новость 6",
        "Lorem ipsum dolor sit amet consectetur adipisicing elit. Iure, provident?Lorem ipsum dolor sit amet consectetur adipisicing elit. Iure, provident?Lorem ipsum dolor sit amet consectetur adipisicing elit. Iure, provident?"
      ],
      [
        "Новость 7",
        "Lorem ipsum dolor sit amet consectetur adipisicing elit. Iure, provident?Lorem ipsum dolor sit amet consectetur adipisicing elit. Iure, provident?Lorem ipsum dolor sit amet consectetur adipisicing elit. Iure, provident?"
      ],
      [
        "Новость 8",
        "Lorem ipsum dolor sit amet consectetur adipisicing elit. Iure, provident?Lorem ipsum dolor sit amet consectetur adipisicing elit. Iure, provident?Lorem ipsum dolor sit amet consectetur adipisicing elit. Iure, provident?"
      ],
      [
        "Новость 9",
        "Lorem ipsum dolor sit amet consectetur adipisicing elit. Iure, provident?Lorem ipsum dolor sit amet consectetur adipisicing elit. Iure, provident?Lorem ipsum dolor sit amet consectetur adipisicing elit. Iure, provident?"
      ],
      [
        "Новость 10",
        "Lorem ipsum dolor sit amet consectetur adipisicing elit. Iure, provident?Lorem ipsum dolor sit amet consectetur adipisicing elit. Iure, provident?Lorem ipsum dolor sit amet consectetur adipisicing elit. Iure, provident?"
      ],
      [
        "Новость 11",
        "Lorem ipsum dolor sit amet consectetur adipisicing elit. Iure, provident?Lorem ipsum dolor sit amet consectetur adipisicing elit. Iure, provident?Lorem ipsum dolor sit amet consectetur adipisicing elit. Iure, provident?"
      ],
      [
        "Новость 12",
        "Lorem ipsum dolor sit amet consectetur adipisicing elit. Iure, provident?Lorem ipsum dolor sit amet consectetur adipisicing elit. Iure, provident?Lorem ipsum dolor sit amet consectetur adipisicing elit. Iure, provident?"
      ],
      [
        "Новость 13",
        "Lorem ipsum dolor sit amet consectetur adipisicing elit. Iure, provident?Lorem ipsum dolor sit amet consectetur adipisicing elit. Iure, provident?Lorem ipsum dolor sit amet consectetur adipisicing elit. Iure, provident?"
      ]
    ]
  },
  "contact": {
    "title": "КОНТАКТЫ",
    "phone": "Телефон:",
    "internetShop": "Интернет-магазин",
    "graphWorkTitle": "График работы:",
    "graphWorkDescription1": "Понедельник - Пятница 09:00 - 21:00,",
    "graphWorkDescription2": "Суббота 09:00 - 19:00, Воскресенье – выходной",
    "ContactForm": {
      "title": "НАПИСАТЬ НАМ",
      "name": "Имя",
      "phone": "Телефон",
      "message": "Сообщение",
      "send": "Отправить",
      "sendTrue": "Сообщение отправлено!"
    }
  },
  "about": {
    "title": "О нас",
    "companyIntroduction": "Компания MOTOALLEGRO.NET успешно работает на рынке с 2018 года и специализируется на доставке автозапчастей для иностранных автомобилей различных марок и моделей. За эти годы мы смогли зарекомендовать себя как надежный и ответственный партнер, который предлагает высококачественные запчасти, конкурентоспособные цены и безупречный сервис. Мы создали удобную систему подбора и доставки деталей, что позволяет нашим клиентам получать необходимые автозапчасти быстро, безопасно и без лишних трудностей. Благодаря тесному сотрудничеству с европейскими поставщиками, мы регулярно обновляем наш ассортимент, гарантируя доступ к большому количеству оригинальных и качественных деталей. Наши клиенты могут рассчитывать на профессиональную консультационную поддержку, которая помогает выбрать наиболее оптимальное решение для их автомобиля.",
    "polishSuppliers": "Мы активно сотрудничаем с многочисленными проверенными поставщиками в Польше, что позволяет нам предлагать исключительно оригинальные автозапчасти от ведущих производителей. Ассортимент включает комплектующие для различных типов автомобилей – от легковых машин до коммерческого транспорта. Благодаря хорошо налаженной логистике и регулярным поставкам из Европы, мы обеспечиваем оперативную доставку и точность выполнения каждого заказа. Каждый клиент получает возможность заказать необходимую запчасть непосредственно из Европы, что гарантирует высокое качество продукции и соответствие всем техническим стандартам. Наши специалисты помогут подобрать оптимальный вариант с учетом ваших пожеланий и бюджета, а также предоставят полную информацию о характеристиках, совместимости и сроках доставки.",
    "advantagesTitle": "Наши преимущества:",
    "certifiedProducts": "Мы предлагаем только сертифицированные продукты, соответствующие самым высоким стандартам качества. Все запчасти поставляются от официальных производителей и проходят тщательный контроль перед отправкой клиенту. Благодаря прямому сотрудничеству с проверенными европейскими поставщиками, мы можем гарантировать доступные цены.",
    "customerBenefits": "Мы ценим каждого нашего клиента и стремимся сделать сотрудничество максимально выгодным. Для тех, кто регулярно заказывает у нас автозапчасти, мы разработали гибкую систему скидок и специальных предложений. Постоянные покупатели получают приятные бонусы, что позволяет существенно экономить на будущих заказах.",
    "efficientLogistics": "Благодаря хорошо налаженной логистике, мы обеспечиваем стабильные поставки автозапчастей, что позволяет быстро выполнять заказы клиентов. Наши партнеры в Европе ежедневно отправляют запчасти, поэтому мы можем гарантировать оперативную доставку без задержек, проблем и дополнительных затрат.",
    "reliableSuppliers": "Мы работаем только с проверенными производителями и поставщиками, что позволяет гарантировать высокое качество всех товаров. Весь товар поставляется непосредственно от европейских дилеров, что исключает риск приобретения подделок или некачественных запчастей, обеспечивая надежность и долговечность продукции для всех наших клиентов.",
    "easySearch": "На нашем сайте вы сможете легко найти необходимые автозапчасти благодаря удобной системе поиска и фильтров. Если у вас возникнут трудности, наши специалисты всегда помогут подобрать правильную деталь для вашего автомобиля. Мы позаботимся о быстрой доставке, чтобы вы могли получить заказ в кратчайшие сроки.",
    "expertConsultation": "Наши эксперты имеют многолетний опыт в сфере автозапчастей и всегда готовы предоставить профессиональную консультацию. Они помогут вам выбрать оптимальный вариант с учетом ваших потребностей, модели авто, бюджета, технических характеристик, качества деталей и условий эксплуатации вашего транспортного средства.",
    "customerSolutions": "Мы стремимся обеспечить максимально комфортное сотрудничество и найти решение для каждого клиента. Если у вас есть особые требования или вопросы – мы всегда готовы помочь и предложить лучшие варианты. Наша цель – сделать покупку автозапчастей быстрой, удобной, выгодной и безопасной для вас!",
    "rulesTitle": "Наши правила:",
    "customerFirst": "Клиент всегда прав, и для нас нет ничего важнее, чем удовлетворенность наших клиентов. Мы стремимся создавать лучший сервис, обеспечивая индивидуальный подход к каждому клиенту. Наша команда всегда готова выслушать ваши пожелания, ответить на все вопросы и найти оптимальное решение даже в самых сложных ситуациях. Мы гарантируем быстрое и качественное обслуживание, ведь понимаем, насколько важны ваше время и комфорт.",
    "speedAndAccuracy": "Скорость и точность – это основа нашей работы, поэтому мы прилагаем максимум усилий, чтобы каждое ваше обращение было обработано без задержек и с высочайшим уровнем профессионализма. Наша миссия – обеспечить вам безупречный сервис, который превзойдет ваши ожидания. Мы работаем над тем, чтобы каждое взаимодействие с нами оставляло только приятные впечатления, а вы чувствовали уверенность в своем выборе. Ваш комфорт и удовлетворенность – наш главный приоритет!",
    "notSellers": "Обратите внимание, что мы не являемся продавцами товаров или лотов с аукционов allegro.pl. Все товары на нашем сайте принадлежат различным фирмам, предпринимателям, производителям и частным лицам из Польши, которые размещают свои предложения на различных платформах. Мы не имеем собственного товарного ассортимента и не занимаемся непосредственной продажей, а лишь обеспечиваем доставку этих автозапчастей из Польши в Украину и другие страны. Наша компания предоставляет удобный сервис подбора и транспортировки запчастей.",
    "reliableDelivery": "Мы гарантируем, что наши услуги по доставке осуществляются на высоком уровне, быстро и без лишних трудностей для вас. Компания MOTOALLEGRO.NET стремится стать вашим надежным партнером в поиске и доставке автозапчастей, предоставляя вам возможность сэкономить время и деньги. Благодаря нашей опытной команде и хорошо налаженным логистическим процессам, мы можем обеспечить своевременное получение товара из Польши. Наше стремление быть на шаг впереди позволяет нам оставаться лидерами на рынке доставок автозапчастей из Европы. Мы работаем непосредственно с поставщиками, что обеспечивает вам выгодные цены и высокое качество товаров."
  },
  "cart": {
    "checkoutTitle": "Оформление заказа",
    "contactDetails": "Контактные данные",
    "fullName": "ФИО",
    "phone": "Телефон",
    "email": "E-mail",
    "fullNamePlaceholder": "",
    "continue": "Продолжить",
    "deliveryAndPayment": "Доставка и оплата",
    "country": "Страна получателя:",
    "countryPlaceholder": "Украина",
    "countryOptions": {
      "select": "Выберите страну",
      "ukraine": "Украина"
    },
    "paymentMethod": "Способ оплаты:",
    "paymentMethodPlaceholder": "Способ оплаты",
    "paymentOptions": {
      "select": "Выберите способ",
      "card": "Оплата на счет ФЛП"
    },
    "paymentSize": "Размер платежа",
    "paymentSizeOptions": {
      "select": "Выберите размер",
      "small": "Оплатить полную стоимость 100%",
      "medium": "Оплатить только часть стоимости (50%)"
    },
    "deliveryMethod": "Способ доставки",
    "deliveryMethodOptions": {
      "select": "Выберите способ",
      "novaPoshta": "Новая Почта"
    },
    "city": "Город доставки",
    "cityOptions": {
      "select": "Выберите город",
      "kyiv": "Киев",
      "lviv": "Львов"
    },
    "branch": "Отделение",
    "branchOptions": {
      "select": "Выберите отделение"
    },
    "lotNumber": "Номер лота",
    "itemTitle": "Товары в корзине:",
    "cartTitle": "Ваша корзина",
    "cartEmpty": "Ваша корзина пуста",
    "cartTotal": "Общая сумма",
    "cartCheckout": "Оформить заказ",
    "currency": "грн",
    "favoritesTitle": "Ваш список желаний",
    "favoritesEmpty": "Ваш список желаний пуст",
    "favoritesAddToCart": "Добавить товары в корзину",
    "orderTotal": "Сумма заказа без доставки",
    "phoneError": "Неверный формат телефона. Введите номер в формате +380 или 380 и 9 цифр, или 0 и 9 цифр.",
    "nameError": "Пожалуйста, введите ФИО.",
    "quantityLabel": "Кол-во"
  },
  "footer": {
    "companyName": "MotoAllergo",
    "about": "О нас",
    "catalog": "Каталог",
    "news": "Новости",
    "partnership": "Партнерство",
    "contacts": "Контакты",
    "customerService": "Обслуживание клиентов",
    "offerAgreement": "Договор оферты",
    "privacyPolicy": "Политика конфиденциальности",
    "delivery": "Оплата и доставка",
    "guarantees": "Наша гарантия",
    "copyright": "© Все права защищены 2025 «Big Master»",
    "developedBy": "Этот сайт разработан веб-студией",
    "developerName": "«FullStack-Innovations»",
    "developerLink": "https://fullstack-innovation.com/",
    "bottomOfferAgreement": "Договор оферты",
    "bottomPrivacyPolicy": "Политика конфиденциальности"
  },
  "guarantees": {
    "title": "Гарантия",
    "paragraph1": "После того как автозапчасти доставлены на наш склад, мы тщательно проверяем каждую деталь, чтобы обеспечить их высокое качество перед отправкой в Украину. Каждый товар проходит внешний осмотр на наличие повреждений, дефектов или любых отличий от описания лота. Если обнаруживаются какие-либо недостатки или несоответствия, наши менеджеры оперативно связываются с вами, чтобы решить ситуацию в кратчайшие сроки. Мы также делаем дополнительные фото каждой автозапчасти, чтобы вы могли получить полную и точную информацию о ее состоянии, что дает вам уверенность в правильности покупки и помогает избежать недоразумений и возможных проблем.",
    "paragraph2": "Наша компания сотрудничает только с проверенными поставщиками в Польше, что позволяет нам гарантировать высокое качество всех автозапчастей. Все товары, поступающие на наш склад, проходят серьезный контроль качества на этапе закупки. Это означает, что каждая деталь, которую мы предлагаем, соответствует международным стандартам и готова к использованию без дополнительных проблем. Мы тщательно проверяем не только наличие дефектов, но и соответствие запчасти техническим характеристикам вашего транспортного средства, что обеспечивает их совместимость, долговечность, эффективность, надежность и безопасность при эксплуатации в различных условиях.",
    "paragraph3": "Наша гарантия на проверку автозапчастей составляет до 5-ти дней с момента их получения. В течение этого периода вы можете обращаться к нам для согласования всех нюансов, обсуждения возможных вопросов или решения проблемных ситуаций. Если вы обнаружите какие-либо дефекты или проблемы с товаром, мы готовы вернуть деньги или обменять товар на другой, полностью соответствующий вашим требованиям. Мы стремимся, чтобы наши клиенты всегда были довольны качеством и сервисом, который мы предоставляем.",
    "paragraph4": "MOTOALLEGRO — это ваш надежный партнер в подборе и покупке автозапчастей. Мы всегда готовы помочь вам найти необходимые детали для вашего автомобиля, предоставить консультации по выбору лучшей запчасти и обеспечить ее доставку в Украину в кратчайшие сроки. Наша компания заботится о своих клиентах, поэтому мы гарантируем, что работаем только с высококачественной продукцией, соответствующей всем стандартам. Кроме того, мы обеспечиваем надежный и быстрый процесс доставки, что позволяет вам беспрепятственно получить необходимые автозапчасти для ремонта и обслуживания вашего транспорта, сохраняя при этом высокую эффективность и безопасность."
  },
  "privacyPolicy": {
    "title": "Политика конфиденциальности",
    "paragraph1": "Мы, компания [Название компании], уделяем чрезвычайное внимание и серьезно относимся к защите вашей конфиденциальности и персональных данных. В нашей деятельности мы всегда стремимся обеспечить высочайший уровень безопасности и прозрачности в отношениях с нашими пользователями. Эта Политика конфиденциальности подробно объясняет, как именно мы собираем, используем, храним и защищаем ваши персональные данные при взаимодействии с нашим веб-сайтом или при осуществлении покупок через него. Мы внимательно следим за тем, чтобы ваша персональная информация не попала в руки третьих лиц без вашего согласия и используем только те данные, которые необходимы для предоставления вам наших услуг и улучшения вашего опыта. Наша компания строго соблюдает все требования законодательства о защите персональной информации, обеспечивая соответствие нашим практикам и политикам в области конфиденциальности самым современным стандартам безопасности. Мы обязуемся постоянно совершенствовать наши процедуры защиты данных и предоставлять вам всю необходимую информацию для того, чтобы вы могли чувствовать себя уверенно, зная, что ваша конфиденциальность является нашей главной приоритетной задачей.",
    "paragraph2": "Мы собираем информацию, которую вы предоставляете нам непосредственно через наш веб-сайт, чтобы обеспечить вам лучший опыт при использовании наших услуг. Эта информация может включать, в частности, личные данные, такие как ваше имя, фамилия, адрес электронной почты, номер телефона, а также платежные реквизиты, информацию о способах оплаты и данные доставки. Все эти данные необходимы для того, чтобы мы могли эффективно выполнять свои обязательства перед вами, в частности для обработки ваших заказов, организации своевременной доставки товаров, а также для предоставления поддержки клиентов в случае необходимости. Кроме того, мы используем эти данные для улучшения качества наших услуг, персонализации вашего опыта, а также для обеспечения безопасности ваших операций и защиты от мошенничества. Собранные от вас данные помогают нам лучше понимать ваши потребности и предпочтения, что позволяет нам предлагать более удобные и соответствующие предложения и рекомендации. Мы стремимся сделать ваше взаимодействие с нашим веб-сайтом максимально комфортным и безопасным, поэтому ваши данные используются исключительно в целях обеспечения качественного обслуживания и поддержки.",
    "paragraph3": "Мы используем ваши персональные данные для нескольких важных и необходимых целей, чтобы обеспечить максимальный комфорт и удобство при использовании наших услуг. Во-первых, эти данные необходимы для того, чтобы эффективно обработать ваши заказы, организовать своевременную доставку товаров и обеспечить должный уровень коммуникации с вами на всех этапах процесса. Мы также используем ваши персональные данные для предоставления поддержки клиентам, чтобы оперативно отвечать на ваши запросы, решать любые вопросы и предлагать возможные решения в случае возникновения проблем. Собранные данные позволяют нам не только эффективно выполнять наши обязательства перед вами, но и помогают нам постоянно совершенствовать качество наших услуг. Они также дают возможность предоставлять вам персонализированные рекомендации, специальные предложения или акции, основанные на вашем поведении и предпочтениях при использовании нашего веб-сайта. Таким образом, мы стремимся сделать ваш опыт с нами комфортным.",
    "paragraph4": "Мы серьезно относимся к защите ваших персональных данных и прилагаем максимум усилий, чтобы гарантировать их безопасность. Для этого мы применяем различные технические и организационные меры, направленные на защиту ваших данных от несанкционированного доступа, потери, изменения или уничтожения. Все данные, которые вы передаете через наш веб-сайт, обрабатываются с использованием передовых технологий безопасности, таких как шифрование, что обеспечивает их конфиденциальность при передаче через интернет. Кроме того, мы постоянно обновляем наши системы защиты и применяем другие методы, такие как многоуровневая аутентификация и мониторинг безопасности, чтобы обеспечить дополнительный уровень защиты. Все эти меры призваны гарантировать, что ваша персональная информация будет надежно защищена от любых угроз.",
    "paragraph5": "Мы не передаем ваши персональные данные третьим лицам, за исключением случаев, когда это необходимо для выполнения наших обязательств перед вами. Например, мы можем передавать вашу информацию компаниям, занимающимся доставкой товаров, или платежным системам, используемым для обработки ваших платежей. Мы обеспечиваем, чтобы в таких случаях данные передавались только тем организациям, которые непосредственно вовлечены в процесс выполнения вашего заказа и которые имеют соответствующие стандарты безопасности для защиты вашей информации. Однако мы всегда стараемся минимизировать количество лиц или компаний, имеющих доступ к вашим персональным данным, и обеспечиваем, чтобы они использовали эти данные только для определенных целей, не нарушая вашу конфиденциальность.",
    "paragraph6": "Мы оставляем за собой право изменять эту Политику конфиденциальности в любое время. В случае внесения изменений мы опубликуем обновленную версию на нашем сайте, и эти изменения вступят в силу с момента публикации. Мы рекомендуем вам периодически проверять эту страницу, чтобы быть в курсе всех обновлений."
  },
  "paymentDelivery": {
    "title": "Оплата и доставка",
    "paragraph1": "Уважаемые клиенты, обращаем ваше внимание, что мы принимаем заказы только через сайт и по номеру, указанному на нем!",
    "subtitle1": "Доставка в Украине",
    "listItem1": "Доставка по всей Украине осуществляется через курьерскую службу Новая Почта, которая является надежным партнером в доставке товаров. Мы выбрали эту компанию благодаря ее оперативности и высокому качеству обслуживания. С ее помощью вы можете быть уверены, что ваш заказ будет доставлен в кратчайшие сроки и в хорошем состоянии. Заказы отправляются два раза в неделю — в среду и субботу, что позволяет нам эффективно обрабатывать ваши заявки и обеспечивать быструю доставку.",
    "listItem2": "Оплата за доставку товара осуществляется непосредственно покупателем. Стоимость доставки определяется в соответствии с тарифами Новой Почты на момент отправки товара. Тариф зависит от веса и габаритов товара, а также от выбранного способа доставки. Вы можете самостоятельно рассчитать стоимость доставки на сайте Новой Почты или обратиться в нашу службу поддержки, если вам нужна помощь в расчетах.",
    "listItem3": "Мы обеспечиваем страхование товара на сумму, эквивалентную его стоимости, при отправке через Новую Почту. Это дает дополнительную гарантию на случай, если товар будет поврежден во время транспортировки. Мы хотим, чтобы вы были уверены в безопасности вашей покупки, поэтому страхование является важным элементом нашего сервиса. В случае обнаружения каких-либо повреждений во время транспортировки, мы готовы помочь вам решить вопрос с компенсацией.",
    "listItem4": "При получении товара в отделении Новой Почты важно внимательно осмотреть его на наличие видимых повреждений. Если вы заметили какие-либо дефекты или повреждения товара, необходимо составить акт приема-передачи товара. Это важный документ, подтверждающий наличие повреждений, возникших во время транспортировки. Без этого акта мы не сможем оформить претензию к Новой Почте, поэтому убедитесь, что все необходимые документы оформлены.",
    "paragraph2": "Для получения компенсации за поврежденный товар вам необходимо подать претензию в Новую Почту. Она должна содержать все детали повреждения, а также копии акта приема-передачи и чека. Если претензия не будет оформлена правильно или без всех необходимых документов, компенсация за товар не будет предоставлена. Мы рекомендуем обращаться в нашу службу поддержки, если у вас возникнут вопросы или трудности в процессе оформления претензии, и мы с радостью поможем!",
    "subtitle2": "Срок доставки",
    "listItem5": "Весь процесс доставки занимает от 3-х до 7-ми рабочих дней.",
    "paragraph3": "Весь процесс доставки занимает от 3-х до 7-ми рабочих дней, в зависимости от местонахождения покупателя и выбранного способа доставки. Доставка автозапчастей осуществляется только после частичной или полной оплаты заказа в размере 50% от стоимости товара. Это обеспечивает гарантию для обеих сторон — продавца и покупателя. Продавец получает уверенность, что покупатель настроен серьезно, а покупатель имеет гарантию, что товар будет зарезервирован и доставлен в оговоренные сроки. Предоплата позволяет нам оперативно зарезервировать товар и обеспечить его доставку без задержек. После подтверждения оплаты мы планируем отправку и гарантируем, что товар будет доставлен вовремя, без потерь или изменений в заказе. Если у вас есть вопросы или нужна дополнительная информация о процессе оплаты или доставки, не стесняйтесь обращаться к нам!",
    "subtitle3": "Способы оплаты",
    "paragraph4": "Вы можете ознакомиться со способами оплаты, которые мы предлагаем для удобства наших клиентов.",
    "listItem6": "На карту ПриватБанка – удобный и быстрый способ оплаты через банковскую карту.",
    "listItem7": "На расчетный счет компании – оплата через банковский перевод на расчетный счет юридического лица.",
    "subtitle4": "Гарантия на б/у запчасти",
    "paragraph5": "На б/у запчасти предоставляется только проверочная гарантия сроком 5 рабочих дней, при условии, что продавец также предоставляет гарантию на проверку.",
    "paragraph6": "Возврат или обмен б/у запчастей возможен только в следующих случаях:",
    "numberedListItem1": "Первый случай — это когда запчасть неисправна или работает некорректно, что может быть выявлено во время проверки ее функциональности или тестирования, а также эксплуатации. В таком случае покупатель имеет право вернуть товар или получить другую запчасть в обмен, если проблема не была указана в описании товара.",
    "numberedListItem2": "Второй случай, когда возможен возврат или обмен — это наличие существенных повреждений, которые не были указаны на фотографиях лота или в описании товара, а также недостатков, которые невозможно исправить или которые влияют на безопасность эксплуатации. Если на изображениях товар выглядел без дефектов, а при получении обнаружены повреждения, существенно влияющие на его использование, покупатель может потребовать возврата средств или обмена на другую запчасть.",
    "numberedListItem3": "Третий случай касается ситуации, когда предоставленная запчасть не является той, что была указана в объявлении. Это может включать случаи, когда запчасть не соответствует марке, модели или другим характеристикам, указанным продавцом при оформлении продажи. В таком случае покупатель имеет право на возврат или замену товара.",
    "numberedListItem4": "Также возможен возврат или обмен б/у запчастей, если была оговорена индивидуальная гарантия на возврат, в рамках которой продавец предоставляет возможность возврата товара или обмена. В таких случаях оговоренные условия возврата или обмена должны быть четко зафиксированы в соглашении между покупателем и продавцом."
  },
  "partnership": {
    "title": "Партнерство",
    "subtitle1": "Уважаемые партнеры!",
    "paragraph1": "Мы, компания MotoAllergo, специализируемся на доставке высококачественных автозапчастей из Польши через интернет-магазин. Наш ассортимент включает широкий выбор автозапчастей, соответствующих самым высоким стандартам качества и удовлетворяющих требованиям современного автомобильного рынка Украины. Мы стремимся стать надежным партнером для вашей компании и предложить выгодные условия сотрудничества. Наши автозапчасти могут стать важной частью вашего ассортимента, помогая привлечь новых клиентов и обеспечить высокий уровень удовлетворенности от покупки. Мы предлагаем не только конкурентные цены, но и безопасную и быструю доставку, что позволит сохранить высокое качество сервиса для конечного потребителя. С нашими автозапчастями ваш бизнес сможет расширить предложение и увеличить прибыль, при этом поддерживая высокую репутацию благодаря отличным продуктам. Наша задача — совместно с вами обеспечить украинских потребителей доступом к лучшим автозапчастям по конкурентным ценам, создавая взаимовыгодное сотрудничество, которое принесет пользу. Мы открыты к обсуждению условий партнерства, которые удовлетворят потребности вашей компании.",
    "subtitle2": "Что мы предлагаем:",
    "numberedListItem1Title": "Качество товаров:",
    "numberedListItem1": "Наша компания сотрудничает с проверенными поставщиками автозапчастей в Польше, что позволяет нам предлагать широкий ассортимент запчастей для автомобилей различных марок и моделей. Мы выбираем только высококачественные запчасти, соответствующие международным стандартам, что гарантирует их надежность и долговечность. В нашем ассортименте вы найдете как оригинальные запчасти, так и высококачественные аналоги, что позволяет удовлетворить потребности разных категорий потребителей. Мы стремимся обеспечить ваш бизнес всем необходимым для ремонта и обслуживания автомобилей, предоставляя только проверенную продукцию.",
    "numberedListItem2Title": "Быстрая доставка:",
    "numberedListItem2": "Мы понимаем, что для бизнеса и конечных потребителей важно получить автозапчасти своевременно. Поэтому мы организуем доставку непосредственно из Польши в Украину, максимально сокращая сроки доставки. Наши логистические партнеры работают на высочайшем уровне, обеспечивая оперативное транспортирование и гарантируя надежность каждой посылки. Благодаря собственной логистической системе и тщательно налаженным маршрутам мы можем предложить доставку в кратчайшие сроки, что позволяет вашим клиентам получать заказы точно вовремя.",
    "numberedListItem3Title": "Конкурентные цены:",
    "numberedListItem3": "Мы стремимся сделать наши запчасти доступными для разных категорий клиентов. Совместно с вами мы можем настроить систему скидок и специальных предложений, которые позволят вам предлагать своим покупателям наиболее выгодные условия. Наши цены являются конкурентоспособными на рынке автозапчастей, и мы всегда готовы к гибкому сотрудничеству, чтобы обеспечить вам лучшие условия для развития бизнеса и привлечения новых клиентов.",
    "numberedListItem4Title": "Гибкие условия сотрудничества:",
    "numberedListItem4": "Независимо от размера вашего бизнеса, мы готовы адаптировать условия партнерства под ваши потребности. Для крупных сетей автозапчастей мы предлагаем специальные условия закупки, а для малых предприятий — персонализированные предложения, включающие удобные условия доставки и обработки заказов. Мы ориентируемся на долгосрочные партнерские отношения, поэтому всегда готовы найти решение, которое будет максимально выгодным для вашего бизнеса.",
    "numberedListItem5Title": "Поддержка на всех этапах:",
    "numberedListItem5": "Мы предоставляем полную поддержку нашим партнерам на каждом этапе сотрудничества. Начиная от помощи в интеграции наших товаров на вашей платформе и до маркетинговой поддержки и консультаций по товарам, мы всегда рядом, чтобы обеспечить бесперебойное и успешное функционирование вашего бизнеса. Наши специалисты готовы предоставить профессиональную консультацию по выбору автозапчастей, а также помочь в решении любых технических вопросов, которые могут возникнуть. Мы также предлагаем рекламные материалы для продвижения продукции, что позволяет вам эффективно рекламировать автозапчасти и привлекать внимание новых клиентов.",
    "subtitle3": "Как мы можем сотрудничать:",
    "listItem1Title": "Продажа товаров через ваш магазин:",
    "listItem1": "Вы можете размещать наши автозапчасти на своем сайте и продавать их своим клиентам с выгодой для себя. Мы предоставляем полный каталог товаров с подробными описаниями и фотографиями, что позволяет вам без проблем интегрировать наши продукты в ваш ассортимент. Благодаря высокому качеству нашей продукции и конкурентоспособным ценам, вы сможете увеличить свои продажи и привлечь больше покупателей, которые ищут надежные автозапчасти.",
    "listItem2Title": "Поставки на условиях дропшиппинга:",
    "listItem2": "Мы предлагаем модель дропшиппинга, которая позволяет вам продавать автозапчасти без необходимости хранить их на складе. Вы просто принимаете заказы от своих клиентов, а мы отправляем товар непосредственно к ним. В этом случае вы получаете комиссию за каждый продажу без необходимости инвестировать в складские запасы или логистику. Это идеальное решение для предприятий, которые хотят расширить свой ассортимент без больших затрат.",
    "listItem3Title": "Совместные акции и маркетинг:",
    "listItem3": "Мы готовы организовать совместные рекламные кампании, скидки или акции для привлечения внимания к вашему магазину и нашим автозапчастям. Это может быть как онлайн-продвижение через социальные сети и рекламные платформы, так и офлайн-мероприятия или специальные предложения для ваших клиентов. Мы также предоставляем маркетинговые материалы, такие как баннеры, листовки или контент для социальных сетей, чтобы максимально эффективно популяризировать наши товары. Совместные акции помогут не только увеличить продажи, но и улучшить взаимовыгодное сотрудничество, привлекая новых клиентов."
  },
  "offerAgreement": {
    "title": "ПУБЛИЧНЫЙ ДОГОВОР (ОФЕРТА)",
    "paragraph1": "Этот договор является официальным и публичным предложением Продавца заключить договор купли-продажи Товара, представленного на сайте __________________. Данный договор является публичным, то есть в соответствии со статьей 633 Гражданского кодекса Украины, его условия одинаковы для всех покупателей независимо от их статуса (физическое лицо, юридическое лицо, физическое лицо-предприниматель) без предоставления преимуществ одному покупателю перед другим. Путем заключения этого Договора покупатель полностью принимает условия и порядок оформления заказа, оплаты товара, доставки товара, возврата товара, ответственности за недобросовестный заказ и все другие условия договора. Договор считается заключенным с момента нажатия кнопки «Подтвердить Заказ» на странице оформления заказа в разделе «Корзина» и получения Покупателем от Продавца подтверждения заказа в электронном виде.",
    "section1Title": "1. Определение терминов",
    "section1ListItem1Title": "1.1. Публичная оферта (далее - «Оферта»)",
    "section1ListItem1": "публичное предложение Продавца, адресованное неопределенному кругу лиц, заключить с Продавцом договор купли-продажи товара дистанционным способом (далее - «Договор») на условиях, содержащихся в этой Оферте.",
    "section1ListItem2Title": "1.2. Товар или Услуга",
    "section1ListItem2": "объект соглашения сторон, который был выбран покупателем на сайте Интернет-магазина и помещен в корзину, или уже приобретен Покупателем у Продавца дистанционным способом.",
    "section1ListItem3Title": "1.3. Интернет-магазин",
    "section1ListItem3": "сайт Продавца по адресу www. _____________ создан для заключения договоров розничной и оптовой купли-продажи на основании ознакомления Покупателя с предложенным Продавцом описанием Товара с помощью сети Интернет.",
    "section1ListItem4Title": "1.4. Покупатель",
    "section1ListItem4": "дееспособное физическое лицо, достигшее 18 лет, получающее информацию от Продавца, размещающее заказы на покупку товара, представленного на сайте Интернет-магазина для целей, не связанных с осуществлением предпринимательской деятельности, или юридическое лицо либо физическое лицо-предприниматель.",
    "section2Title": "2. Предмет Договора",
    "section2ListItem1Title": "2.1.",
    "section2ListItem1": "Продавец обязуется передать в собственность Покупателю Товар, а Покупатель обязуется оплатить и принять Товар на условиях этого Договора.",
    "section2ListItem2Title": "2.2.",
    "section2ListItem2": "Датой заключения Договора-оферты (акцептом оферты) и моментом полного и безоговорочного принятия Покупателем условий Договора считается дата заполнения Покупателем формы заказа, расположенной на сайте Интернет-магазина, при условии получения Покупателем от Продавца подтверждения заказа в электронном виде. При необходимости, по желанию Покупателя, Договор может быть оформлен в письменной форме.",
    "section3Title": "3. Оформление Заказа",
    "section3ListItem1Title": "3.1.",
    "section3ListItem1": "Покупатель самостоятельно оформляет заказ в Интернет-магазине через форму «Корзины», или сделав заказ по электронной почте или по номеру телефона, указанному в разделе контактов Интернет-магазина.",
    "section3ListItem2Title": "3.2.",
    "section3ListItem2": "Продавец имеет право отказаться от передачи заказа Покупателю в случае, если сведения, указанные Покупателем при оформлении заказа, являются неполными или вызывают подозрения относительно их достоверности.",
    "section3ListItem3Title": "3.3.",
    "section3ListItem3": "При оформлении заказа на сайте Интернет-магазина Покупатель обязуется предоставить следующую обязательную информацию, необходимую Продавцу для выполнения заказа:",
    "section3ListItem3Nested1Title": "3.3.1.",
    "section3ListItem3Nested1": "фамилия, имя Покупателя;",
    "section3ListItem3Nested2Title": "3.3.2.",
    "section3ListItem3Nested2": "адрес, по которому следует доставить Товар (если доставка до адреса Покупателя);",
    "section3ListItem3Nested3Title": "3.3.3.",
    "section3ListItem3Nested3": "контактный телефон.",
    "section3ListItem3Nested4Title": "3.3.4.",
    "section3ListItem3Nested4": "Идентификационный код для юридического лица или физического лица-предпринимателя.",
    "section3ListItem4Title": "3.4.",
    "section3ListItem4": "Наименование, количество, артикул, цена выбранного Покупателем Товара указываются в корзине Покупателя на сайте Интернет-магазина.",
    "section3ListItem5Title": "3.5.",
    "section3ListItem5": "Если любой из Сторон договора необходима дополнительная информация, он имеет право запросить ее у другой Стороны. В случае непредоставления необходимой информации Покупателем, Продавец не несет ответственности за предоставление качественной услуги Покупателю при покупке товара в интернет-магазине.",
    "section3ListItem6Title": "3.6.",
    "section3ListItem6": "При оформлении заказа через оператора Продавца (п. 3.1. этой Оферты) Покупатель обязуется предоставить информацию, указанную в п. 3.3 – 3.4. этой Оферты.",
    "section3ListItem7Title": "3.7.",
    "section3ListItem7": "Принятие Покупателем условий этой Оферты осуществляется путем внесения Покупателем соответствующих данных в регистрационную форму на сайте Интернет-магазина или при оформлении Заказа через оператора. После оформления Заказа через Оператора данные о Покупателе вносятся в базу данных Продавца.",
    "section3ListItem8Title": "3.8.",
    "section3ListItem8": "Покупатель несет ответственность за достоверность предоставленной информации при оформлении Заказа.",
    "section3ListItem9Title": "3.9.",
    "section3ListItem9": "Заключая Договор, то есть акцептуя условия данного предложения (предложенные условия приобретения Товара), путем оформления Заказа, Покупатель подтверждает следующее:",
    "section3ListItem9Nested1Title": "а)",
    "section3ListItem9Nested1": "Покупатель полностью и целиком ознакомлен и согласен с условиями этого предложения (оферты);",
    "section3ListItem9Nested2Title": "б)",
    "section3ListItem9Nested2": "он дает разрешение на сбор, обработку и передачу персональных данных, разрешение на обработку персональных данных действует в течение всего срока действия Договора, а также в течение неограниченного срока после окончания его действия. Кроме этого, заключением договора Покупатель подтверждает, что он уведомлен (без дополнительного уведомления) о правах, установленных Законом Украины «О защите персональных данных», о целях сбора данных, а также о том, что его персональные данные передаются Продавцу с целью возможности выполнения условий этого Договора, возможности проведения взаиморасчетов, а также для получения счетов, актов и других документов. Покупатель также соглашается с тем, что Продавец имеет право предоставлять доступ и передавать его персональные данные третьим лицам без каких-либо дополнительных уведомлений Покупателя с целью выполнения заказа Покупателя. Объем прав Покупателя, как субъекта персональных данных в соответствии с Законом Украины «О защите персональных данных», ему известен и понятен.",
    "section4Title": "4. Цена и Доставка Товара",
    "section4ListItem1Title": "4.1.",
    "section4ListItem1": "Цены на Товары и услуги определяются Продавцом самостоятельно и указаны на сайте Интернет-магазина. Все цены на Товары и услуги указаны на сайте в гривнах с учетом НДС.",
    "section4ListItem2Title": "4.2.",
    "section4ListItem2": "Цены на Товары и услуги могут изменяться Продавцом в одностороннем порядке в зависимости от конъюнктуры рынка. При этом цена отдельной единицы Товара, стоимость которой оплачена Покупателем в полном объеме, не может быть изменена Продавцом в одностороннем порядке.",
    "section4ListItem3Title": "4.3.",
    "section4ListItem3": "Стоимость Товара, указанная на сайте Интернет-магазина, не включает в себя стоимость доставки Товара Покупателю. Стоимость доставки Товара Покупатель оплачивает в соответствии с действующими тарифами служб доставки (перевозчиков) непосредственно выбранной им службе доставки (перевозчику).",
    "section4ListItem4Title": "4.4.",
    "section4ListItem4": "Стоимость Товара, указанная на сайте Интернет-магазина, не включает в себя стоимость доставки Товара по адресу Покупателя.",
    "section4ListItem5Title": "4.5.",
    "section4ListItem5": "Продавец может указать ориентировочную стоимость доставки Товара по адресу Покупателя при обращении Покупателя с соответствующим запросом к Продавцу путем отправки письма на электронную почту или при оформлении заказа через оператора интернет-магазина.",
    "section4ListItem6Title": "4.6.",
    "section4ListItem6": "Обязательства Покупателя по оплате Товара считаются выполненными с момента поступления Продавцу средств на его счет.",
    "section4ListItem7Title": "4.7.",
    "section4ListItem7": "Расчеты между Продавцом и Покупателем за Товар осуществляются способами, указанными на сайте Интернет-магазина в разделе «Оплата и Доставка».",
    "section4ListItem8Title": "4.8.",
    "section4ListItem8": "При получении товара Покупатель должен в присутствии представителя службы доставки (перевозчика) проверить соответствие Товара качественным и количественным характеристикам (наименование товара, количество, комплектность, срок годности).",
    "section4ListItem9Title": "4.9.",
    "section4ListItem9": "Покупатель или его представитель во время приемки Товара подтверждает своей подписью в товарном чеке/или в заказе/или в транспортной накладной на доставку товаров, что не имеет претензий к количеству товара, внешнему виду и комплектности товара.",
    "section4ListItem10Title": "4.10.",
    "section4ListItem10": "Право собственности и риск случайной утраты или повреждения Товара переходит к Покупателю или его Представителю с момента получения Товара Покупателем в городе поставки Товара при самостоятельной доставке Товара от Продавца, или во время передачи Продавцом товара службе доставки (перевозчику), выбранной Покупателем.",
    "section5Title": "5. Права и обязанности Сторон",
    "section5ListItem1Title": "5.1. Продавец обязан:",
    "section5ListItem1Nested1Title": "5.1.1.",
    "section5ListItem1Nested1": "Передать Покупателю товар в соответствии с условиями этого Договора и заказа Покупателя.",
    "section5ListItem1Nested2Title": "5.1.2.",
    "section5ListItem1Nested2": "Не разглашать никакую частную информацию о Покупателе и не предоставлять доступ к этой информации третьим лицам, за исключением случаев, предусмотренных законодательством и при выполнении Заказа Покупателя.",
    "section5ListItem2Title": "5.2. Продавец имеет право:",
    "section5ListItem2Nested1Title": "5.2.1.",
    "section5ListItem2Nested1": "Изменять условия этого Договора, а также цены на Товары и услуги, в одностороннем порядке, размещая их на сайте Интернет-магазина. Все изменения вступают в силу с момента их публикации.",
    "section5ListItem3Title": "5.3. Покупатель обязуется:",
    "section5ListItem3Nested1Title": "5.3.1.",
    "section5ListItem3Nested1": "До момента заключения Договора ознакомиться с содержанием Договора, условиями Договора и ценами, предложенными Продавцом на сайте Интернет-магазина.",
    "section5ListItem3Nested2Title": "5.3.2.",
    "section5ListItem3Nested2": "Для выполнения Продавцом своих обязательств перед Покупателем последний должен сообщить все необходимые данные, однозначно идентифицирующие его как Покупателя, и достаточные для доставки Покупателю заказанного Товара.",
    "section6Title": "6. Возврат Товара",
    "section6ListItem1Title": "6.1.",
    "section6ListItem1": "Покупатель имеет право на возврат Продавцу непродовольственного товара надлежащего качества, если товар не удовлетворил его по форме, габаритам, фасону, цвету, размеру или по другим причинам не может быть им использован по назначению. Покупатель имеет право на возврат товара надлежащего качества в течение 14 (четырнадцати) дней, не считая дня покупки. Возврат товара надлежащего качества проводится, если он не использовался и если сохранен его товарный вид, потребительские свойства, упаковка, пломбы, ярлыки, а также расчетный документ, выданный Покупателю за оплату Товара. Перечень товаров, не подлежащих возврату на основаниях, предусмотренных в этом пункте, утверждается Кабинетом Министров Украины.",
    "section6ListItem2Title": "6.2.",
    "section6ListItem2": "Возврат Покупателю стоимости товара надлежащего качества осуществляется в течение 30 (тридцати) календарных дней с момента получения такого Товара Продавцом при условии соблюдения требований, предусмотренных п. 6.1. Договора, действующим законодательством Украины.",
    "section6ListItem3Title": "6.3.",
    "section6ListItem3": "Стоимость товара подлежит возврату путем банковского перевода на счет Покупателя.",
    "section6ListItem4Title": "6.4.",
    "section6ListItem4": "Возврат Товара надлежащего качества по адресу Продавца осуществляется за счет Покупателя и Продавцом Покупателю не возмещается.",
    "section6ListItem5Title": "6.5.",
    "section6ListItem5": "В случае выявления в течение установленного гарантийного срока недостатков в Товаре, Покупатель лично, в порядке и в сроки, установленные законодательством Украины, имеет право предъявить Продавцу требования, предусмотренные Законом Украины «О защите прав потребителей». При предъявлении требований о бесплатном устранении недостатков, срок на их устранение отсчитывается с даты получения Товара Продавцом в свое распоряжение и физического доступа к такому Товару.",
    "section6ListItem6Title": "6.6.",
    "section6ListItem6": "Рассмотрение требований, предусмотренных Законом Украины «О защите прав потребителей», проводится Продавцом при условии предоставления Покупателем документов, предусмотренных действующим законодательством Украины. Продавец не отвечает за недостатки Товара, возникшие после его передачи Покупателю вследствие нарушения Покупателем правил пользования или хранения Товара, действий третьих лиц или непреодолимой силы.",
    "section6ListItem7Title": "6.7.",
    "section6ListItem7": "Покупатель не имеет права отказаться от товара надлежащего качества, имеющего индивидуально-определенные свойства, если указанный товар может быть использован исключительно Покупателем, который его приобрел, (в т.ч. по желанию Покупателя нестандартные размеры, характеристики, внешний вид, комплектация и другое). Подтверждением того, что товар имеет индивидуально-определенные свойства, является отличие размеров товара и других характеристик, указанных в интернет-магазине.",
    "section6ListItem8Title": "6.8.",
    "section6ListItem8": "Возврат товара, в случаях, предусмотренных законом и этим Договором, осуществляется по адресу, указанному на сайте в разделе «Контакты».",
    "section7Title": "7. Ответственность",
    "section7ListItem1Title": "7.1.",
    "section7ListItem1": "Продавец не несет ответственности за ущерб, причиненный Покупателю или третьим лицам вследствие ненадлежащего монтажа, использования, хранения Товара, приобретенного у Продавца.",
    "section7ListItem2Title": "7.2.",
    "section7ListItem2": "Продавец не несет ответственности за ненадлежащее, несвоевременное выполнение Заказов и своих обязательств в случае предоставления Покупателем недостоверной или ошибочной информации.",
    "section7ListItem3Title": "7.3.",
    "section7ListItem3": "Продавец и Покупатель несут ответственность за выполнение своих обязательств в соответствии с действующим законодательством Украины и положениями этого Договора.",
    "section7ListItem4Title": "7.4.",
    "section7ListItem4": "Продавец или Покупатель освобождаются от ответственности за полное или частичное неисполнение своих обязательств, если неисполнение является следствием форс-мажорных обстоятельств, таких как: война или военные действия, землетрясение, наводнение, пожар и другие стихийные бедствия, возникшие независимо от воли Продавца и/или Покупателя после заключения этого договора. Сторона, которая не может выполнить свои обязательства, немедленно уведомляет об этом другую Сторону.",
    "section8Title": "8. Конфиденциальность и защита персональных данных",
    "section8ListItem1Title": "8.1.",
    "section8ListItem1": "Предоставляя свои персональные данные на сайте Интернет-магазина при регистрации или оформлении Заказа, Покупатель предоставляет Продавцу свое добровольное согласие на обработку, использование (в том числе и передачу) своих персональных данных, а также совершение других действий, предусмотренных Законом Украины «О защите персональных данных», без ограничения срока действия такого согласия.",
    "section8ListItem2Title": "8.2.",
    "section8ListItem2": "Продавец обязуется не разглашать полученную от Покупателя информацию. Не считается нарушением предоставление Продавцом информации контрагентам и третьим лицам, действующим на основании договора с Продавцом, в том числе и для выполнения обязательств перед Покупателем, а также в случаях, когда раскрытие такой информации установлено требованиями действующего законодательства Украины.",
    "section8ListItem3Title": "8.3.",
    "section8ListItem3": "Покупатель несет ответственность за поддержание своих персональных данных в актуальном состоянии. Продавец не несет ответственности за некачественное исполнение или неисполнение своих обязательств в связи с неактуальностью информации о Покупателе или несоответствием ее действительности.",
    "section9Title": "9. Другие условия",
    "section9ListItem1Title": "9.1.",
    "section9ListItem1": "Этот договор заключен на территории Украины и действует в соответствии с действующим законодательством Украины.",
    "section9ListItem2Title": "9.2.",
    "section9ListItem2": "Все споры, возникающие между Покупателем и Продавцом, разрешаются путем переговоров. В случае недостижения урегулирования спорного вопроса путем переговоров, Покупатель и/или Продавец имеют право обратиться за разрешением спора в судебные органы в соответствии с действующим законодательством Украины.",
    "section9ListItem3Title": "9.3.",
    "section9ListItem3": "Продавец имеет право вносить изменения в этот Договор в одностороннем порядке, предусмотренном п. 5.2.1. Договора. Кроме того, изменения в Договор также могут быть внесены по взаимному согласию Сторон в порядке, предусмотренном действующим законодательством Украины."
  },
  "modalForm": {
    "title": "Заказать звонок",
    "namePlaceholder": "Введите ваше имя",
    "nameError": "Пожалуйста, введите ваше имя.",
    "phonePlaceholder": "+380XXXXXXXXX",
    "phoneError": "Неверный формат телефона. Введите номер в формате +380 или 0 и 9 цифр.",
    "submitButton": "Отправить заявку",
    "submitSuccess": "Заявка отправлена! Проверьте консоль для деталей."
  },
  "howWeWork": {
    "title": "Как мы работаем?",
    "titleHighlight": "мы",
    "step1Title": "Оформление заказа",
    "step1Description": "Выберите подходящий товар для себя на сайте и сделайте заказ.",
    "step2Title": "Обратная связь",
    "step2Description": "В течение 20 минут мы свяжемся с вами для детализации заказа.",
    "step3Title": "Заказ товара",
    "step3Description": "Заказывается данный товар в Польше на базе. Проверяется на качество.",
    "step4Title": "Доставка товара",
    "step4Description": "Соответствующий товар доставляется на склад, а затем к покупателю."
  },
  "heroSection": {
    "title": "Подбор автозапчастей",
    "filter1": "Выберите марку",
    "filter2": "Выберите модель",
    "filter3": "Выберите модификацию",
    "filter4": "Выберите группу",
    "filter5": "Выберите категорию",
    "buttonText": "Подобрать"
  },
  "chooseCategory": {
    "title": "Выбор товаров по категориям",
    "titleHighlight": "Выбор"
  },
  "catalogContent": {
    "filterTabFilter": "Фильтр",
    "filterTabSort": "Сортировка",
    "filterLabel": "Сортировка товара:",
    "sortPopular": "Самый популярный",
    "sortCheapest": "Самый дешевый",
    "sortExpensive": "Самый дорогой",
    "conditionLabel": "Состояние товара:",
    "conditionUsed": "Б/У",
    "conditionNew": "Новый",
    "applyButton": "Применить",
    "filter1": "Выберите марку",
    "filter2": "Выберите модель",
    "filter3": "Выберите модификацию",
    "filter4": "Выберите группу",
    "filter5": "Выберите категорию",
    "selectButton": "Подобрать",
    "categoriesTitle": "Категории товаров",
    "activeFiltersTitle": "Активные фильтры",
    "sortBy": "Сортировать по:",
    "sortOptions": {
      "popularity": "Популярности",
      "priceLowToHigh": "Цене: от низкой к высокой",
      "priceHighToLow": "Цене: от высокой к низкой",
      "newest": "Новизне"
    },
    "productsByCategoriesTitle": "Категория категория",
    "productsByCategoriesPara": "Категории группы категория категория",
    "lotNumberLabel": "Номер лота:",
    "addToCart": "В корзину"
  },
  "popularProducts": {
    "title": "Популярные товары",
    "titleHighlight": "Популярные",
    "lotNumberLabel": "Номер лота:",
    "addToCart": "В корзину",
    "loadMoreButton": "Показать еще"
  },
  "productContent": {
    "title": "{name}",
    "inStock": "В наличии",
    "price": "{price} грн.",
    "wishlist": {
      "add": "Добавить в список желаний",
      "remove": "Удалить из списка желаний",
      "notificationAdd": "Товар добавлен в список желаний",
      "notificationRemove": "Товар удален из списка желаний"
    },
    "actions": {
      "buy": "Купить",
      "inCart": "В корзине",
      "oneClick": "Купить в 1-клик",
      "cartNotification": "Товар добавлен в корзину"
    },
    "infoSections": {
      "delivery": {
        "title": "Доставка",
        "items": [
          "Доставка: 3-7 рабочих дней",
          "Доставка по Украине: Новая Почта"
        ]
      },
      "warrantyAndSafety": {
        "title": "Гарантия и безопасность",
        "guarantee": "Мы гарантируем: безопасность сделки!",
        "items": [
          "Предоставим расчетный счет юридического лица",
          "Предоставим документы предпринимателя"
        ]
      },
      "advantages": {
        "title": "Наши преимущества",
        "items": [
          "Широкий ассортимент",
          "Лучшая цена"
        ]
      }
    },
    "features": {
      "title": "Оригинальное описание"
    },
    "modal": {
      "title": "Купить в 1-клик",
      "nameLabel": "Ваше имя",
      "phoneLabel": "Телефон",
      "required": "*",
      "phoneError": "Номер телефона должен начинаться с +380, 380 или 0 и содержать 9 цифр после кода",
      "submitButton": "Отправить"
    },
    "successOrder": {
      "thankYou": "Спасибо",
      "forPurchase": "за покупку!",
      "orderNumber": "Заказ №{number}",
      "storeInfo": "У нас в магазине более {count} запчастей",
      "comeBack": "ждем вас еще.",
      "withLove": "С",
      "continueShopping": "Продолжить покупки"
    }
  }
}