{
  "Home": {
    "test": "тест"
  },
  "test": "testuk",
  "header": {
    "callBtn": "Замовити дзвінок",
    "location": "м.Мостиська, Львівська обл.",
    "workHours": "09:00 - 21:00 Пн - Пт",
    "phoneNumber": "+38 (097) 243-94-10",
    "about": "Про нас",
    "catalog": "Каталог",
    "delivery": "Оплата та доставка",
    "guarantees": "Гарантії",
    "news": "Новини",
    "partnership": "Партнерство",
    "contacts": "Контакти",
    "checkoutTitle": "Оформлення замовлення",
    "contactDetails": "Контактні дані",
    "fullName": "ПІБ",
    "phone": "Телефон",
    "email": "E-mail",
    "fullNamePlaceholder": "",
    "continue": "Продовжити",
    "deliveryAndPayment": "Доставка і оплата",
    "country": "Країна отримувача:",
    "countryPlaceholder": "Україна",
    "paymentMethod": "Спосіб оплати:",
    "paymentMethodPlaceholder": "Спосіб оплати",
    "lotNumber": "Номер лота",
    "itemTitle": "Товари в кошику :",
    "cartTitle": "Ваш кошик",
    "cartEmpty": "Ваш кошик порожній",
    "cartTotal": "Загальна сума",
    "cartCheckout": "Оформити замовлення",
    "currency": "грн",
    "favoritesTitle": "Ваш список бажань",
    "favoritesEmpty": "Ваш список бажань порожній",
    "favoritesAddToCart": "Добавити товари в кошик"
  },
  "deliveryAndPay": {
    "title": "Оплата і доставка",
    "description1": "Шановні клієнти, звертаємо вашу увагу, що ми приймаємо замовлення лише через сайт та за номером, вказаним на ньому!"
  },
  "categories": {
    "title": "категорії товарів",
    "span": "Популярні",
    "category": [
      "Категорія 1",
      "Категорія 2",
      "Категорія 3",
      "Категорія 4",
      "Категорія 5",
      "Категорія 6",
      "Категорія 7",
      "Категорія 8"
    ]
  },
  "news": {
    "title": "Автоблог Motoallergo",
    "news": [
      [
        "Новина 1",
        "Lorem ipsum dolor sit amet consectetur adipisicing elit. Iure, provident?Lorem ipsum dolor sit amet consectetur adipisicing elit. Iure, provident?Lorem ipsum dolor sit amet consectetur adipisicing elit. Iure, provident?"
      ],
      [
        "Новина 2",
        "Lorem ipsum dolor sit amet consectetur adipisicing elit. Iure, provident?Lorem ipsum dolor sit amet consectetur adipisicing elit. Iure, provident?Lorem ipsum dolor sit amet consectetur adipisicing elit. Iure, provident?"
      ],
      [
        "Новина 3",
        "Lorem ipsum dolor sit amet consectetur adipisicing elit. Iure, provident?Lorem ipsum dolor sit amet consectetur adipisicing elit. Iure, provident?Lorem ipsum dolor sit amet consectetur adipisicing elit. Iure, provident?"
      ],
      [
        "Новина 4",
        "Lorem ipsum dolor sit amet consectetur adipisicing elit. Iure, provident?Lorem ipsum dolor sit amet consectetur adipisicing elit. Iure, provident?Lorem ipsum dolor sit amet consectetur adipisicing elit. Iure, provident?"
      ],
      [
        "Новина 5",
        "Lorem ipsum dolor sit amet consectetur adipisicing elit. Iure, provident?Lorem ipsum dolor sit amet consectetur adipisicing elit. Iure, provident?Lorem ipsum dolor sit amet consectetur adipisicing elit. Iure, provident?"
      ],
      [
        "Новина 6",
        "Lorem ipsum dolor sit amet consectetur adipisicing elit. Iure, provident?Lorem ipsum dolor sit amet consectetur adipisicing elit. Iure, provident?Lorem ipsum dolor sit amet consectetur adipisicing elit. Iure, provident?"
      ],
      [
        "Новина 7",
        "Lorem ipsum dolor sit amet consectetur adipisicing elit. Iure, provident?Lorem ipsum dolor sit amet consectetur adipisicing elit. Iure, provident?Lorem ipsum dolor sit amet consectetur adipisicing elit. Iure, provident?"
      ],
      [
        "Новина 8",
        "Lorem ipsum dolor sit amet consectetur adipisicing elit. Iure, provident?Lorem ipsum dolor sit amet consectetur adipisicing elit. Iure, provident?Lorem ipsum dolor sit amet consectetur adipisicing elit. Iure, provident?"
      ],
      [
        "Новина 9",
        "Lorem ipsum dolor sit amet consectetur adipisicing elit. Iure, provident?Lorem ipsum dolor sit amet consectetur adipisicing elit. Iure, provident?Lorem ipsum dolor sit amet consectetur adipisicing elit. Iure, provident?"
      ],
      [
        "Новина 10",
        "Lorem ipsum dolor sit amet consectetur adipisicing elit. Iure, provident?Lorem ipsum dolor sit amet consectetur adipisicing elit. Iure, provident?Lorem ipsum dolor sit amet consectetur adipisicing elit. Iure, provident?"
      ],
      [
        "Новина 11",
        "Lorem ipsum dolor sit amet consectetur adipisicing elit. Iure, provident?Lorem ipsum dolor sit amet consectetur adipisicing elit. Iure, provident?Lorem ipsum dolor sit amet consectetur adipisicing elit. Iure, provident?"
      ],
      [
        "Новина 12",
        "Lorem ipsum dolor sit amet consectetur adipisicing elit. Iure, provident?Lorem ipsum dolor sit amet consectetur adipisicing elit. Iure, provident?Lorem ipsum dolor sit amet consectetur adipisicing elit. Iure, provident?"
      ],
      [
        "Новина 13",
        "Lorem ipsum dolor sit amet consectetur adipisicing elit. Iure, provident?Lorem ipsum dolor sit amet consectetur adipisicing elit. Iure, provident?Lorem ipsum dolor sit amet consectetur adipisicing elit. Iure, provident?"
      ]
    ]
  },
  "contact": {
    "title": "КОНТАКТИ",
    "phone": "Телефон:",
    "internetShop": "Інтернет-магазин",
    "graphWorkTitle": "Графік роботи: ",
    "graphWorkDescription1": "Понеділок - П’ятниця 09:00 - 21:00,",
    "graphWorkDescription2": "Субота 09:00 - 19:00, Неділя – вихідний",
    "ContactForm": {
      "title": "НАПИСАТИ НАМ",
      "name": "Ім’я",
      "phone": "Телефон",
      "message": "Повідомлення",
      "send": "Відправити",
      "sendTrue": "Повідомлення відправлено!"
    }
  },
  "about": {
    "title": "Про нас",
    "companyIntroduction": "Компанія MOTOALLEGRO.NET успішно працює на ринку з 2018 року та спеціалізується на доставці автозапчастин для іноземних автомобілів різних марок і моделей. За ці роки ми змогли зарекомендувати себе як надійний і відповідальний партнер, який пропонує високоякісні запчастини, конкурентоспроможні ціни та бездоганний сервіс. Ми створили зручну систему підбору та доставки деталей, що дозволяє нашим клієнтам отримувати необхідні автозапчастини швидко, безпечно та без зайвих труднощів. Завдяки тісній співпраці з європейськими постачальниками, ми регулярно оновлюємо наш асортимент, гарантуючи доступ до великої кількості оригінальних і якісних деталей. Наші клієнти можуть розраховувати на професійну консультаційну підтримку, що допомагає обрати найбільш оптимальне рішення для їхнього автомобіля.",
    "polishSuppliers": "Ми активно співпрацюємо з численними перевіреними постачальниками в Польщі, що дозволяє нам пропонувати виключно оригінальні автозапчастини від провідних виробників. Асортимент включає комплектуючі для різних типів автомобілів – від легкових машин до комерційного транспорту. Завдяки добре налагодженій логістиці та регулярним поставкам із Європи, ми забезпечуємо оперативну доставку та точність виконання кожного замовлення. Кожен клієнт отримує можливість замовити необхідну запчастину безпосередньо з Європи, що гарантує високу якість продукції та відповідність всім технічним стандартам. Наші фахівці допоможуть підібрати оптимальний варіант з урахуванням ваших побажань та бюджету, а також нададуть повну інформацію щодо характеристик, сумісності та термінів доставки.",
    "advantagesTitle": "Наші переваги:",
    "certifiedProducts": "Ми пропонуємо тільки сертифіковані продукти, що відповідають найвищим стандартам якості. Усі запчастини постачаються від офіційних виробників і проходять ретельний контроль перед відправкою клієнту. Завдяки прямій співпраці з перевіреними європейськими постачальниками, ми можемо гарантувати доступні ціни.",
    "customerBenefits": "Ми цінуємо кожного нашого клієнта та прагнемо зробити співпрацю максимально вигідною. Для тих, хто регулярно замовляє у нас автозапчастини, ми розробили гнучку систему знижок і спеціальних пропозицій. Постійні покупці отримують приємні бонуси, що дозволяє суттєво економити на майбутніх замовленнях.",
    "efficientLogistics": "Завдяки добре налагодженій логістиці, ми забезпечуємо стабільні поставки автозапчастин, що дозволяє швидко виконувати замовлення клієнтів. Наші партнери в Європі щоденно відправляють запчастини, тому ми можемо гарантувати оперативну доставку без затримок, проблем і додаткових витрат.",
    "reliableSuppliers": "Ми працюємо тільки з перевіреними виробниками та постачальниками, що дозволяє гарантувати високу якість усіх товарів. Весь товар постачається безпосередньо від європейських дилерів, що виключає ризик придбання підробок або неякісних запчастин, забезпечуючи надійність і довговічність продукції для всіх наших клієнтів.",
    "easySearch": "На нашому сайті ви зможете легко знайти необхідні автозапчастини завдяки зручній системі пошуку та фільтрів. Якщо у вас виникнуть труднощі, наші фахівці завжди допоможуть підібрати правильну деталь для вашого автомобіля. Ми подбаємо про швидку доставку, щоб ви могли отримати замовлення у найкоротші терміни.",
    "expertConsultation": "Наші експерти мають багаторічний досвід у сфері автозапчастин і завжди готові надати професійну консультацію. Вони допоможуть вам обрати оптимальний варіант з урахуванням ваших потреб, моделі авто, бюджету, технічних характеристик, якості деталей та умов експлуатації вашого транспортного засобу.",
    "customerSolutions": "Ми прагнемо забезпечити максимально комфортну співпрацю та знайти рішення для кожного клієнта. Якщо у вас є особливі вимоги чи запитання – ми завжди готові допомогти та запропонувати найкращі варіанти. Наша мета – зробити покупку автозапчастин швидкою, зручною, вигідною та безпечною для вас!",
    "rulesTitle": "Наші правила:",
    "customerFirst": "Клієнт завжди правий, і для нас немає нічого важливішого, ніж задоволеність наших клієнтів. Ми прагнемо створювати найкращий сервіс, забезпечуючи індивідуальний підхід до кожного клієнта. Наша команда завжди готова вислухати ваші побажання, відповісти на всі запитання та знайти оптимальне рішення навіть у найскладніших ситуаціях. Ми гарантуємо швидке та якісне обслуговування, адже розуміємо, наскільки важливими є ваш час і комфорт.",
    "speedAndAccuracy": "Швидкість і точність – це основа нашої роботи, тому ми докладаємо максимум зусиль, щоб кожне ваше звернення було опрацьоване без затримок і з найвищим рівнем професіоналізму. Наша місія – забезпечити вам бездоганний сервіс, який перевершить ваші очікування. Ми працюємо над тим, щоб кожна взаємодія з нами залишала тільки приємні враження, а ви відчували впевненість у своєму виборі. Ваш комфорт і задоволеність – наш головний пріоритет!",
    "notSellers": "Зверніть увагу, що ми не є продавцями товарів або лотів з аукціонів allegro.pl. Усі товари на нашому сайті належать різним фірмам, підприємцям, виробникам та приватним особам з Польщі, які розміщують свої пропозиції на різних платформах. Ми не маємо власного товарного асортименту і не займаємося безпосереднім продажем, а лише забезпечуємо доставку цих автозапчастин з Польщі в Україну та інші країни. Наша компанія надає зручний сервіс підбору та транспортування запчастин.",
    "reliableDelivery": "Ми гарантуємо, що наші послуги з доставки здійснюються на високому рівні, швидко та без зайвих труднощів для вас. Компанія MOTOALLEGRO.NET прагне стати вашим надійним партнером у пошуку та доставці автозапчастин, надаючи вам можливість зекономити час і гроші. Завдяки нашій досвідченій команді та добре налагодженим логістичним процесам, ми можемо забезпечити своєчасне отримання товару з Польщі. Наше прагнення бути на крок попереду дозволяє нам залишатися лідерами на ринку доставок автозапчастин з Європи. Ми працюємо безпосередньо з постачальниками, що забезпечує вам вигідні ціни та високу якість товарів."
  },
  "cart": {
    "checkoutTitle": "Оформлення замовлення",
    "contactDetails": "Контактні дані",
    "fullName": "ПІБ",
    "phone": "Телефон",
    "email": "E-mail",
    "fullNamePlaceholder": "",
    "continue": "Продовжити",
    "deliveryAndPayment": "Доставка і оплата",
    "country": "Країна отримувача:",
    "countryPlaceholder": "Україна",
    "countryOptions": {
      "select": "Виберіть країну",
      "ukraine": "Україна"
    },
    "paymentMethod": "Спосіб оплати:",
    "paymentMethodPlaceholder": "Спосіб оплати",
    "paymentOptions": {
      "select": "Виберіть спосіб",
      "card": "Оплата на рахунок ФОП"
    },
    "paymentSize": "Розмір платежу",
    "paymentSizeOptions": {
      "select": "Виберіть розмір",
      "small": "Оплатити повну вартість 100%",
      "medium": "Оплатити тільки частину вартості (50%)"
    },
    "deliveryMethod": "Спосіб доставки",
    "deliveryMethodOptions": {
      "select": "Виберіть спосіб",
      "novaPoshta": "Нова Пошта"
    },
    "city": "Місто доставки",
    "cityOptions": {
      "select": "Виберіть місто",
      "kyiv": "Київ",
      "lviv": "Львів"
    },
    "branch": "Відділення",
    "branchOptions": {
      "select": "Виберіть відділення"
    },
    "lotNumber": "Номер лота",
    "itemTitle": "Товари в кошику :",
    "cartTitle": "Ваш кошик",
    "cartEmpty": "Ваш кошик порожній",
    "cartTotal": "Загальна сума",
    "cartCheckout": "Оформити замовлення",
    "currency": "грн",
    "favoritesTitle": "Ваш список бажань",
    "favoritesEmpty": "Ваш список бажань порожній",
    "favoritesAddToCart": "Добавити товари в кошик",
    "orderTotal": "Сума замовлення без доставки",
    "phoneError": "Невірний формат телефону. Введіть номер у форматі +380 або 380 і 9 цифр, або 0 і 9 цифр.",
    "nameError": "Будь ласка, введіть ПІБ.",
    "quantityLabel": "К-сть"
  },
  "footer": {
    "companyName": "MotoAllergo",
    "about": "Про нас",
    "catalog": "Каталог",
    "news": "Новини",
    "partnership": "Партнерство",
    "contacts": "Контакти",
    "customerService": "Обслуговування клієнтів",
    "offerAgreement": "Договір оферти",
    "privacyPolicy": "Політика конфіденційності",
    "delivery": "Оплата і доставка",
    "guarantees": "Наша гарантія",
    "copyright": "© Всі права захищені 2025 «Big Master»",
    "developedBy": "Цей сайт розроблено веб-студією",
    "developerName": "«FullStack-Innovations»",
    "developerLink": "https://fullstack-innovation.com/",
    "bottomOfferAgreement": "Договір оферти",
    "bottomPrivacyPolicy": "Політика Конфіденційності"
  },
  "guarantees": {
    "title": "Гарантія",
    "paragraph1": "Після того як автозапчастини доставлені на наш склад, ми ретельно перевіряємо кожну деталь, щоб забезпечити їх високу якість перед відправкою в Україну. Кожен товар проходить зовнішній огляд на наявність пошкоджень, дефектів чи будь-яких відмінностей від опису лота. Якщо виявляються будь-які недоліки або невідповідності, наші менеджери оперативно зв’язуються з вами, щоб вирішити ситуацію в найкоротші терміни. Ми також робимо додаткові фото кожної автозапчастини, щоб ви могли отримати повну і точну інформацію про її стан, що дає вам впевненість у правильності покупки та допомагає уникнути непорозумінь і можливих проблем.",
    "paragraph2": "Наша компанія співпрацює тільки з перевіреними постачальниками в Польщі, що дозволяє нам гарантувати високу якість усіх автозапчастин. Всі товари, що надходять на наш склад, проходять серйозний контроль якості на етапі закупівлі. Це означає, що кожна деталь, яку ми пропонуємо, відповідає міжнародним стандартам і готова до використання без додаткових проблем. Ми ретельно перевіряємо не тільки наявність дефектів, а й відповідність запчастини до технічних характеристик вашого транспортного засобу, що забезпечує їхню сумісність, довговічність, ефективність, надійність і безпеку під час експлуатації в різних умовах.",
    "paragraph3": "Наша гарантія на перевірку автозапчастин становить до 5-ти днів з моменту їх отримання. Протягом цього періоду ви можете звертатися до нас для погодження усіх нюансів, обговорення можливих питань або вирішення проблемних ситуацій. Якщо ви виявите будь-які дефекти або проблеми з товаром, ми готові повернути гроші або обміняти товар на інший, що повністю відповідає вашим вимогам. Ми прагнемо, щоб наші клієнти завжди були задоволені якістю і сервісом, який ми надаємо.",
    "paragraph4": "MOTOALLEGRO — це ваш надійний партнер у підборі та купівлі автозапчастин. Ми завжди готові допомогти вам знайти необхідні деталі для вашого автомобіля, надати консультації по вибору найкращої запчастини та забезпечити її доставку в Україну в найкоротші терміни. Наша компанія піклується про своїх клієнтів, тому ми гарантуємо, що працюємо тільки з високоякісною продукцією, що відповідає усім стандартам. Крім того, ми забезпечуємо надійний та швидкий процес доставки, що дозволяє вам безперешкодно отримати необхідні автозапчастини для ремонту та обслуговування вашого транспорту, зберігаючи при цьому високу ефективність і безпеку."
  },
  "privacyPolicy": {
    "title": "Політика конфіденційності",
    "paragraph1": "Ми, компанія [Назва компанії], приділяємо надзвичайну увагу та серйозно ставимося до захисту вашої конфіденційності та персональних даних. У нашій діяльності ми завжди прагнемо забезпечити найвищий рівень безпеки та прозорості у відносинах із нашими користувачами. Ця Політика конфіденційності детально пояснює, як саме ми збираємо, використовуємо, зберігаємо та захищаємо ваші персональні дані при взаємодії з нашим веб-сайтом або при здійсненні покупок через нього. Ми уважно слідкуємо за тим, щоб ваша персональна інформація не потрапила в руки третіх осіб без вашої згоди та використовуємо лише ті дані, які необхідні для надання вам наших послуг та покращення вашого досвіду. Наша компанія строго дотримується всіх вимог законодавства щодо захисту персональної інформації, забезпечуючи відповідність нашим практикам та політикам щодо конфіденційності найсучаснішим стандартам безпеки. Ми зобов'язуємося постійно вдосконалювати наші процедури захисту даних і надавати вам всю необхідну інформацію для того, щоб ви могли почуватися впевнено, знаючи, що ваша конфіденційність є нашою головною пріоритетною задачею.",
    "paragraph2": "Ми збираємо інформацію, яку ви надаєте нам безпосередньо через наш веб-сайт, щоб забезпечити вам найкращий досвід під час використання наших послуг. Ця інформація може включати, зокрема, особисті дані, такі як ваше ім’я, прізвище, адреса електронної пошти, номер телефону, а також платіжні реквізити, інформацію про способи оплати та дані доставки. Всі ці дані необхідні для того, щоб ми могли ефективно виконувати свої зобов'язання перед вами, зокрема для обробки ваших замовлень, організації своєчасної доставки товарів, а також для надання підтримки клієнтів у разі необхідності. Крім того, ми використовуємо ці дані для покращення якості наших послуг, персоналізації вашого досвіду, а також для забезпечення безпеки ваших операцій та захисту від шахрайства. Зібрані від вас дані допомагають нам краще розуміти ваші потреби та вподобання, що дозволяє нам пропонувати більш зручні та відповідні пропозиції та рекомендації. Ми прагнемо зробити вашу взаємодію з нашим веб-сайтом максимально комфортною та безпечною, тому ваші дані використовуються виключно з метою забезпечення якісного обслуговування та підтримки.",
    "paragraph3": "Ми використовуємо ваші персональні дані для кількох важливих і необхідних цілей, щоб забезпечити максимальний комфорт та зручність при використанні наших послуг. По-перше, ці дані необхідні для того, щоб ефективно обробити ваші замовлення, організувати своєчасну доставку товарів і забезпечити належний рівень комунікації з вами на всіх етапах процесу. Ми також використовуємо ваші персональні дані для надання підтримки клієнтів, щоб оперативно відповідати на ваші запити, вирішувати будь-які питання та пропонувати можливі рішення в разі виникнення проблем. Зібрані дані дозволяють нам не тільки ефективно виконувати наші зобов'язання перед вами, але й допомагають нам постійно вдосконалювати якість наших послуг. Вони також дають змогу надавати вам персоналізовані рекомендації, спеціальні пропозиції або акції, що ґрунтуються на вашій поведінці та уподобаннях під час використання нашого веб-сайту. Таким чином, ми прагнемо зробити ваш досвід з нами комфортним.",
    "paragraph4": "Ми серйозно ставимося до захисту ваших персональних даних і докладаємо максимум зусиль, щоб гарантувати їхню безпеку. Для цього ми застосовуємо різноманітні технічні та організаційні заходи, спрямовані на захист ваших даних від несанкціонованого доступу, втрати, зміни або знищення. Всі дані, які ви передаєте через наш веб-сайт, обробляються з використанням передових технологій безпеки, таких як шифрування, що забезпечує їхню конфіденційність під час передачі через інтернет. Окрім цього, ми постійно оновлюємо наші системи захисту та застосовуємо інші методи, такі як багаторівнева аутентифікація та моніторинг безпеки, щоб забезпечити додатковий рівень захисту. Всі ці заходи покликані гарантувати, що ваша персональна інформація буде надійно захищена від будь-яких загроз.",
    "paragraph5": "Ми не передаємо ваші персональні дані третім особам, за винятком випадків, коли це є необхідним для виконання наших зобов'язань перед вами. Наприклад, ми можемо передавати вашу інформацію компаніям, які займаються доставкою товарів, або платіжним системам, що використовуються для обробки ваших платежів. Ми забезпечуємо, щоб у таких випадках дані передавались лише тим організаціям, які прямо залучені до процесу виконання вашого замовлення та які мають відповідні стандарти безпеки для захисту вашої інформації. Однак, ми завжди намагаємося мінімізувати кількість осіб чи компаній, які мають доступ до ваших персональних даних, і забезпечуємо, щоб вони використовували ці дані лише для визначених цілей, не порушуючи вашу конфіденційність.",
    "paragraph6": "Ми залишаємо за собою право змінювати цю Політику конфіденційності у будь-який час. У разі внесення змін ми опублікуємо оновлену версію на нашому сайті, і ці зміни набудуть чинності з моменту публікації. Ми рекомендуємо вам періодично перевіряти цю сторінку для того, щоб бути в курсі всіх оновлень."
  },
  "paymentDelivery": {
    "title": "Оплата і доставка",
    "paragraph1": "Шановні клієнти, звертаємо вашу увагу, що ми приймаємо замовлення лише через сайт та за номером, вказаним на ньому!",
    "subtitle1": "Доставка в Україні",
    "listItem1": "Доставка по всій Україні здійснюється через кур'єрську службу Нова Пошта, яка є надійним партнером у доставці товарів. Ми обрали цю компанію завдяки її оперативності та високій якості обслуговування. З її допомогою ви можете бути впевнені, що ваше замовлення буде доставлено в найкоротші терміни та в хорошому стані. Замовлення відправляються два рази на тиждень — у середу та суботу, що дозволяє нам ефективно обробляти ваші заявки та забезпечувати швидку доставку.",
    "listItem2": "Оплата за доставку товару здійснюється безпосередньо покупцем. Вартість доставки визначається згідно з тарифами Нової Пошти на момент відправлення товару. Тариф залежить від ваги та габаритів товару, а також від обраного способу доставки. Ви можете самостійно розрахувати вартість доставки на сайті Нової Пошти або звернутися до нашої служби підтримки, якщо вам потрібна допомога в підрахунку.",
    "listItem3": "Ми забезпечуємо страхування товару на суму, еквівалентну його вартості, при відправці через Нову Пошту. Це дає додаткову гарантію на випадок, якщо товар буде пошкоджений під час транспортування. Ми хочемо, щоб ви були впевнені в безпеці вашої покупки, тому страхування є важливим елементом нашого сервісу. В разі виявлення будь-яких пошкоджень під час транспортування, ми готові допомогти вам вирішити питання з компенсацією.",
    "listItem4": "При отриманні товару в відділенні Нової Пошти важливо уважно оглянути його на наявність видимих пошкоджень. Якщо ви помітили будь-які дефекти або пошкодження товару, необхідно скласти акт прийому-передачі товару. Це важливий документ, який підтверджує наявність пошкоджень, що виникли під час транспортування. Без цього акта ми не зможемо оформити претензію до Нової Пошти, тому переконайтеся, що всі необхідні документи оформлені.",
    "paragraph2": "Для того, щоб отримати компенсацію за пошкоджений товар, вам потрібно подати претензію до Нової Пошти. Вона повинна містити всі деталі пошкодження, а також копії акту прийому-передачі та чека. Якщо претензія не буде оформлена правильно або без усіх необхідних документів, компенсація за товар не буде надана. Ми радимо звертатися до нашої служби підтримки, якщо у вас виникнуть питання чи труднощі в процесі оформлення претензії, і ми з радістю допоможемо!",
    "subtitle2": "Термін доставки",
    "listItem5": "Весь процес доставки займає від 3-х до 7-ми робочих днів.",
    "paragraph3": "Весь процес доставки займає від 3-х до 7-ми робочих днів, залежно від місцезнаходження покупця та обраного способу доставки. Доставка автозапчастин здійснюється лише після часткової або повної оплати замовлення в розмірі 50% від вартості товару. Це забезпечує гарантію для обох сторін — продавця та покупця. Продавець отримує впевненість, що покупець серйозно налаштований, а покупець має гарантію, що товар буде зарезервовано і доставлено в обумовлені терміни. Передоплата дозволяє нам оперативно зарезервувати товар та забезпечити його доставку без затримок. Після підтвердження оплати ми плануємо відправку і гарантуємо, що товар буде доставлений вчасно, без втрат або змін у замовленні. Якщо у вас є питання або потрібна додаткова інформація щодо процесу оплати або доставки, не вагайтеся звертатися до нас!",
    "subtitle3": "Способи оплати",
    "paragraph4": "Ви можете ознайомитися зі способами оплати, які ми пропонуємо для зручності наших клієнтів.",
    "listItem6": "На карту ПриватБанку – зручний і швидкий спосіб оплати через банківську картку.",
    "listItem7": "На розрахунковий рахунок компанії – оплата через банківський переказ на розрахунковий рахунок юридичної особи.",
    "subtitle4": "Гарантія на б/в запчастини",
    "paragraph5": "На б/в запчастини надається лише перевірочна гарантія терміном 5 робочих днів, за умови, що продавець також дає гарантію на перевірку.",
    "paragraph6": "Повернення або обмін б/в запчастин можливий лише у таких випадках:",
    "numberedListItem1": "Перший випадок — це коли запчастина не справна або працює не коректно, що може бути виявлено під час перевірки її функціональності або тестування, а також експлуатації. У такому разі покупець має право повернути товар або отримати іншу запчастину в обмін, якщо проблема не була вказана в описі товару.",
    "numberedListItem2": "Другий випадок, коли можливе повернення або обмін — це наявність істотних пошкоджень, які не були зазначені на фотографіях лота або в описі товару, а також недоліків, які неможливо виправити або які впливають на безпеку експлуатації. Якщо на зображеннях товар виглядав без дефектів, а при отриманні виявлені пошкодження, що суттєво впливають на його використання, покупець може вимагати повернення коштів або обміну на іншу запчастину.",
    "numberedListItem3": "Третій випадок стосується ситуації, коли надана запчастина не є тією, що була вказана в оголошенні. Це може включати випадки, коли запчастина не відповідає марці, моделі або іншим характеристикам, що були зазначені продавцем при оформленні продажу. У такому разі покупець має право на повернення або заміну товару.",
    "numberedListItem4": "Також можливе повернення або обмін б/в запчастин, якщо була обговорена індивідуальна гарантія на повернення, в рамках якої продавець надає можливість повернення товару або обміну. У таких випадках обговорені умови повернення або обміну повинні бути чітко зафіксовані в угоді між покупцем і продавцем."
  },
  "partnership": {
    "title": "Партнерство",
    "subtitle1": "Шановні партнери!",
    "paragraph1": "Ми, компанія MotoAllergo, спеціалізуємося на доставці високоякісних автозапчастин з Польщі через інтернет-магазин. Наш асортимент включає широкий вибір автозапчастин, які відповідають найвищим стандартам якості та задовольняють вимоги сучасного автомобільного ринку України. Ми прагнемо стати надійним партнером для вашої компанії та запропонувати вигідні умови співпраці. Наші автозапчастини можуть стати важливою частиною вашого асортименту, допомагаючи залучити нових клієнтів та забезпечити високий рівень задоволення від покупки. Ми пропонуємо не тільки конкурентні ціни, але й безпечну та швидку доставку, що дозволить зберегти високу якість сервісу для кінцевого споживача. З нашими автозапчастинами ваш бізнес зможе розширити пропозицію та збільшити прибуток, при цьому підтримуючи високу репутацію завдяки відмінним продуктам. Наше завдання — спільно з вами забезпечити українських споживачів доступом до найкращих автозапчастин за конкурентними цінами, створюючи вигідну співпрацю, яка принесе користь. Ми відкриті до обговорення умов партнерства, що задовольнять потреби вашої компанії.",
    "subtitle2": "Що ми пропонуємо:",
    "numberedListItem1Title": "Якість товарів:",
    "numberedListItem1": "Наша компанія співпрацює з перевіреними постачальниками автозапчастин в Польщі, що дозволяє нам пропонувати широкий асортимент запчастин для автомобілів різних марок та моделей. Ми обираємо лише високоякісні запчастини, які відповідають міжнародним стандартам, що гарантує їхню надійність та довговічність. У нашому асортименті ви знайдете як оригінальні запчастини, так і високоякісні аналоги, що дозволяє задовольнити потреби різних категорій споживачів. Ми прагнемо забезпечити ваш бізнес усім необхідним для ремонту та обслуговування автомобілів, надаючи тільки перевірену продукцію.",
    "numberedListItem2Title": "Швидка доставка:",
    "numberedListItem2": "Ми розуміємо, що для бізнесу та кінцевих споживачів важливо отримати автозапчастини своєчасно. Тому ми організовуємо доставку безпосередньо з Польщі в Україну, максимально скорочуючи терміни доставки. Наші логістичні партнери працюють на найвищому рівні, забезпечуючи оперативне транспортування та гарантування надійності кожної посилки. Завдяки власній логістичній системі та ретельно налагодженим маршрутам ми можемо запропонувати доставку за найкоротші строки, що дозволяє вашим клієнтам отримувати замовлення точно вчасно.",
    "numberedListItem3Title": "Конкурентні ціни:",
    "numberedListItem3": "Ми прагнемо зробити наші запчастини доступними для різних категорій клієнтів. Спільно з вами ми можемо налаштувати систему знижок і спеціальних пропозицій, які дозволять вам пропонувати своїм покупцям найбільш вигідні умови. Наші ціни є конкурентоспроможними на ринку автозапчастин, і ми завжди готові до гнучкої співпраці, щоб забезпечити вам найкращі умови для розвитку бізнесу та залучення нових клієнтів.",
    "numberedListItem4Title": "Гнучкі умови співпраці:",
    "numberedListItem4": "Незалежно від розміру вашого бізнесу, ми готові підлаштувати умови партнерства під ваші потреби. Для великих мереж автозапчастин ми пропонуємо спеціальні умови закупівлі, а для малих підприємств — персоналізовані пропозиції, що включають зручні умови доставки та обробки замовлень. Ми орієнтуємося на довгострокові партнерські відносини, тому завжди готові знайти рішення, яке буде максимально вигідним для вашого бізнесу.",
    "numberedListItem5Title": "Підтримка на всіх етапах:",
    "numberedListItem5": "Ми надаємо повну підтримку нашим партнерам на кожному етапі співпраці. Починаючи від допомоги в інтеграції наших товарів на вашій платформі і до маркетингової підтримки та консультацій по товарах, ми завжди поруч, щоб забезпечити безперебійне та успішне функціонування вашого бізнесу. Наші спеціалісти готові надати професійну консультацію щодо вибору автозапчастин, а також допомогти у вирішенні будь-яких технічних питань, що можуть виникнути. Ми також пропонуємо рекламні матеріали для просування продукції, що дозволяє вам ефективно рекламувати автозапчастини та привертати увагу нових клієнтів.",
    "subtitle3": "Як ми можемо співпрацювати:",
    "listItem1Title": "Продаж товарів через ваш магазин:",
    "listItem1": "Ви можете розміщувати наші автозапчастини на своєму сайті та продавати їх своїм клієнтам з вигодою для себе. Ми надаємо повний каталог товарів, з детальними описами та фотографіями, що дозволяє вам без проблем інтегрувати наші продукти в ваш асортимент. Завдяки високій якості нашої продукції та конкурентоспроможним цінам, ви зможете збільшити свої продажі і привабити більше покупців, які шукають надійні автозапчастини.",
    "listItem2Title": "Поставки на умовах дропшипінгу:",
    "listItem2": "Ми пропонуємо модель дропшипінгу, що дозволяє вам продавати автозапчастини без необхідності зберігати їх на складі. Ви просто приймаєте замовлення від своїх клієнтів, а ми відправляємо товар безпосередньо до них. В цьому випадку ви отримуєте комісію за кожен продаж без необхідності інвестувати в складські запаси чи логістику. Це ідеальне рішення для підприємств, які хочуть розширити свій асортимент без великих витрат.",
    "listItem3Title": "Спільні акції та маркетинг:",
    "listItem3": "Ми готові організувати спільні рекламні кампанії, знижки або акції для привернення уваги до вашого магазину та наших автозапчастин. Це може бути як онлайн-просування через соціальні мережі та рекламні платформи, так і офлайн-заходи або спеціальні пропозиції для ваших клієнтів. Ми також надаємо маркетингові матеріали, такі як банери, листівки, чи контент для соціальних мереж, щоб максимально ефективно популяризувати наші товари. Спільні акції допоможуть не тільки збільшити продажі, а й покращити взаємовигідну співпрацю, залучаючи нових клієнтів."
  },
  "offerAgreement": {
    "title": "ПУБЛІЧНИЙ ДОГОВІР (ОФЕРТА)",
    "paragraph1": "Цей договір є офіційною та публічною пропозицією Продавця укласти договір купівлі-продажу Товару, представленого на сайті __________________. Даний договір є публічним, тобто відповідно до статті 633 Цивільного кодексу України, його умови є однаковими для всіх покупців незалежно від їх статусу (фізична особа, юридична особа, фізична особа-підприємець) без надання переваги одному покупцеві перед іншим. Шляхом укладення цього Договору покупець в повному обсязі приймає умови та порядок оформлення замовлення, оплати товару, доставки товару, повернення товару, відповідальності за недобросовісне замовлення та усі інші умови договору. Договір вважається укладеним з моменту натискання кнопки «Підтвердити Замовлення» на сторінці оформлення замовлення в Розділі «Кошик» і отримання Покупцем від Продавця підтвердження замовлення в електронному вигляді.",
    "section1Title": "1. Визначення термінів",
    "section1ListItem1Title": "1.1. Публічна оферта (далі - «Оферта»)",
    "section1ListItem1": "публічна пропозиція Продавця, адресована невизначеному колу осіб, укласти з Продавцем договір купівлі-продажу товару дистанційним способом (далі - «Договір») на умовах, що містяться в цій Оферті.",
    "section1ListItem2Title": "1.2. Товар або Послуга",
    "section1ListItem2": "об'єкт угоди сторін, який був обраний покупцем на сайті Інтернет-магазину та поміщений у кошик, або вже придбаний Покупцем у Продавця дистанційним способом.",
    "section1ListItem3Title": "1.3. Інтернет-магазин",
    "section1ListItem3": "сайт Продавця за адресою www. _____________ створений для укладення договорів роздрібної та оптової купівлі-продажу на підставі ознайомлення Покупця із запропонованим Продавцем описом Товару за допомогою мережі Інтернет.",
    "section1ListItem4Title": "1.4. Покупець",
    "section1ListItem4": "дієздатна фізична особа, яка досягла 18 років, отримує інформацію від Продавця, розміщує замовлення щодо купівлі товару, що представлений на сайті Інтернет-магазину для цілей, що не пов'язані зі здійсненням підприємницької діяльності, або юридична особа чи фізична особа-підприємець.",
    "section2Title": "2. Предмет Договору",
    "section2ListItem1Title": "2.1.",
    "section2ListItem1": "Продавець зобов’язується передати у власність Покупцю Товар, а Покупець зобов’язується оплатити і прийняти Товар на умовах цього Договору.",
    "section2ListItem2Title": "2.2.",
    "section2ListItem2": "Датою укладення Договору-оферти (акцептом оферти) та моментом повного й беззаперечного прийняттям Покупцем умов Договору вважається дата заповнення Покупцем форми замовлення, розташованої на сайті Інтернет-магазину, за умови отримання Покупцем від Продавця підтвердження замовлення в електронному вигляді. У разі необхідності, за бажанням Покупця, Договір може бути оформлений у письмовій формі.",
    "section3Title": "3. Оформлення Замовлення",
    "section3ListItem1Title": "3.1.",
    "section3ListItem1": "Покупець самостійно оформлює замовлення в Інтернет-магазині через форму «Кошика», або зробивши замовлення електронною поштою чи за номером телефону, вказаним в розділі контактів Інтернет-магазину.",
    "section3ListItem2Title": "3.2.",
    "section3ListItem2": "Продавець має право відмовитися від передання замовлення Покупцеві у випадку, якщо відомості, вказані Покупцем під час оформлення замовлення, є неповними або викликають підозру щодо їх дійсності.",
    "section3ListItem3Title": "3.3.",
    "section3ListItem3": "При оформленні замовлення на сайті Інтернет-магазину Покупець зобов'язується надати наступну обов’язкову інформацію, необхідну Продавцю для виконання замовлення:",
    "section3ListItem3Nested1Title": "3.3.1.",
    "section3ListItem3Nested1": "прізвище, ім'я Покупця;",
    "section3ListItem3Nested2Title": "3.3.2.",
    "section3ListItem3Nested2": "адреса, за якою слід доставити Товар (якщо доставка до адреси Покупця);",
    "section3ListItem3Nested3Title": "3.3.3.",
    "section3ListItem3Nested3": "контактний телефон.",
    "section3ListItem3Nested4Title": "3.3.4.",
    "section3ListItem3Nested4": "Ідентифікаційний код для юридичної особи або фізичної-особи підприємця.",
    "section3ListItem4Title": "3.4.",
    "section3ListItem4": "Найменування, кількість, артикул, ціна обраного Покупцем Товару вказуються в кошику Покупця на сайті Інтернет-магазину.",
    "section3ListItem5Title": "3.5.",
    "section3ListItem5": "Якщо будь-якої із Сторін договору необхідна додаткова інформація, він має право запросити її у іншій Стороні. У разі ненадання необхідної інформації Покупцем, Продавець не несе відповідальності за надання якісної послуги Покупцю при покупці товару в інтернет-магазині.",
    "section3ListItem6Title": "3.6.",
    "section3ListItem6": "При оформленні замовлення через оператора Продавця (п. 3.1. Цієї Оферти) Покупець зобов'язується надати інформацію, зазначену в п. 3.3 – 3.4. цієї Оферти.",
    "section3ListItem7Title": "3.7.",
    "section3ListItem7": "Ухвалення Покупцем умов цієї Оферти здійснюється за допомогою внесення Покупцем відповідних даних в реєстраційну форму на сайті Інтернет-магазину або при оформленні Замовлення через оператора. Після оформлення Замовлення через Оператора дані про Покупця вносяться до бази даних Продавця.",
    "section3ListItem8Title": "3.8.",
    "section3ListItem8": "Покупець несе відповідальність за достовірність наданої інформації при оформленні Замовлення.",
    "section3ListItem9Title": "3.9.",
    "section3ListItem9": "Укладаючи Договір, тобто акцептуючи умови даної пропозиції (запропоновані умови придбання Товару), шляхом оформлення Замовлення, Покупець підтверджує наступне:",
    "section3ListItem9Nested1Title": "а)",
    "section3ListItem9Nested1": "Покупець цілком і повністю ознайомлений, і згоден з умовами цієї пропозиції (оферти);",
    "section3ListItem9Nested2Title": "б)",
    "section3ListItem9Nested2": "він дає дозвіл на збір, обробку та передачу персональних даних, дозвіл на обробку персональних даних діє протягом усього терміну дії Договору, а також протягом необмеженого терміну після закінчення його дії. Крім цього, укладенням договору Покупець підтверджує, що він повідомлений (без додаткового повідомлення) про права, встановлених Законом України \"Про захист персональних даних\", про цілі збору даних, а також про те, що його персональні дані передаються Продавцеві з метою можливості виконання умов цього Договору, можливості проведення взаєморозрахунків, а також для отримання рахунків, актів та інших документів. Покупець також погоджується з тим, що Продавець має право надавати доступ та передавати його персональні дані третім особам без будь-яких додаткових повідомлень Покупця з метою виконання замовлення Покупця. Обсяг прав Покупця, як суб'єкта персональних даних відповідно до Закону України \"Про захист персональних даних\" йому відомий і зрозумілий.",
    "section4Title": "4. Ціна і Доставка Товару",
    "section4ListItem1Title": "4.1.",
    "section4ListItem1": "Ціни на Товари та послуги визначаються Продавцем самостійно та вказані на сайті Інтернет-магазину. Всі ціни на Товари та послуги вказані на сайті у гривнях з урахуванням ПДВ.",
    "section4ListItem2Title": "4.2.",
    "section4ListItem2": "Ціни на Товари та послуги можуть змінюватися Продавцем в односторонньому порядку залежно від кон'юнктури ринку. При цьому ціна окремої одиниці Товару, вартість якої оплачена Покупцем в повному обсязі, не може бути змінена Продавцем в односторонньому порядку.",
    "section4ListItem3Title": "4.3.",
    "section4ListItem3": "Вартість Товару, яка вказана на сайті Інтернет-магазину не включає в себе вартість доставки Товару Покупцю. Вартість доставки Товару Покупець сплачує відповідно до діючих тарифів служб доставки (перевізників) безпосередньо обраній ним службі доставки (перевізнику).",
    "section4ListItem4Title": "4.4.",
    "section4ListItem4": "Вартість Товару яка вказана на сайті Інтернет-магазину не включає в себе вартість доставки Товару на адресу Покупця.",
    "section4ListItem5Title": "4.5.",
    "section4ListItem5": "Продавець може вказати орієнтовну вартість доставки Товару на адресу Покупця під час звернення Покупця із відповідним запитом до Продавця шляхом надіслання листа на електронну пошту або при оформленні замовлення через оператора інтернет-магазину.",
    "section4ListItem6Title": "4.6.",
    "section4ListItem6": "Зобов'язання Покупця по оплаті Товару вважаються виконаними з моменту надходження Продавцю коштів на його рахунок.",
    "section4ListItem7Title": "4.7.",
    "section4ListItem7": "Розрахунки між Продавцем і Покупцем за Товар здійснюються способами, зазначеними на сайті Інтернет-магазину в розділі «Оплата і Доставка».",
    "section4ListItem8Title": "4.8.",
    "section4ListItem8": "При отриманні товару Покупець повинен у присутності представника служби доставки (перевізника) перевірити відповідність Товару якісним і кількісним характеристикам (найменування товару, кількість, комплектність, термін придатності).",
    "section4ListItem9Title": "4.9.",
    "section4ListItem9": "Покупець або його представник під час приймання Товару підтверджує своїм підписом в товарному чеку/або в замовленні/або в транспортній накладній на доставку товарів, що не має претензій до кількості товару, зовнішнім виглядом і комплектності товару.",
    "section4ListItem10Title": "4.10.",
    "section4ListItem10": "Право власності та ризик випадкової втрати або пошкодження Товару переходить до Покупця або його Представника з моменту отримання Товару Покупцем в місті поставки Товару при самостійній доставки Товару від Продавця, чи під час передачі Продавцем товару службі доставки (перевізнику) обраної Покупцем.",
    "section5Title": "5. Права та обов’язки Сторін",
    "section5ListItem1Title": "5.1. Продавець зобов’язаний:",
    "section5ListItem1Nested1Title": "5.1.1.",
    "section5ListItem1Nested1": "Передати Покупцеві товар у відповідності до умов цього Договору та замовлення Покупця.",
    "section5ListItem1Nested2Title": "5.1.2.",
    "section5ListItem1Nested2": "Не розголошувати будь-яку приватну інформацію про Покупця і не надавати доступ до цієї інформації третім особам, за винятком випадків, передбачених законодавством та під час виконання Замовлення Покупця.",
    "section5ListItem2Title": "5.2. Продавець має право:",
    "section5ListItem2Nested1Title": "5.2.1.",
    "section5ListItem2Nested1": "Змінювати умови цього Договору, а також ціни на Товари та послуги, в односторонньому порядку, розміщуючи їх на сайті Інтернет-магазину. Всі зміни набувають чинності з моменту їх публікації.",
    "section5ListItem3Title": "5.3. Покупець зобов'язується:",
    "section5ListItem3Nested1Title": "5.3.1.",
    "section5ListItem3Nested1": "До моменту укладення Договору ознайомитися зі змістом Договору, умовами Договору і цінами, запропонованими Продавцем на сайті Інтернет-магазину.",
    "section5ListItem3Nested2Title": "5.3.2.",
    "section5ListItem3Nested2": "На виконання Продавцем своїх зобов'язань перед Покупцем останній повинен повідомити всі необхідні дані, що однозначно ідентифікують його як Покупця, і достатні для доставки Покупцеві замовленого Товару.",
    "section6Title": "6. Повернення Товару",
    "section6ListItem1Title": "6.1.",
    "section6ListItem1": "Покупець має право на повернення Продавцеві непродовольчого товару належної якості, якщо товар не задовольнив його за формою, габаритами, фасоном, кольором, розміром або з інших причин не може бути ним використаний за призначенням. Покупець має право на повернення товару належної якості протягом 14 (чотирнадцяти) днів, не враховуючи дня купівлі. Повернення товару належної якості проводиться, якщо він не використовувався і якщо збережено його товарний вигляд, споживчі властивості, упаковка, пломби, ярлики, а також розрахунковий документ, виданий Покупцю за оплату Товару. Перелік товарів, що не підлягають поверненню на підставах, передбачених у цьому пункті, затверджується Кабінетом Міністрів України.",
    "section6ListItem2Title": "6.2.",
    "section6ListItem2": "Повернення Покупцеві вартості товару належної якості здійснюється протягом 30 (тридцяти) календарних днів з моменту отримання такого Товару Продавцем за умови дотримання вимог, передбачених п. 6.1. Договору, чинним законодавством України.",
    "section6ListItem3Title": "6.3.",
    "section6ListItem3": "Вартість товару підлягає поверненню шляхом банківського переказу на рахунок Покупця.",
    "section6ListItem4Title": "6.4.",
    "section6ListItem4": "Повернення Товару належної якості за адресою Продавця, здійснюється за рахунок Покупця та Продавцем Покупцеві не відшкодовується.",
    "section6ListItem5Title": "6.5.",
    "section6ListItem5": "У разі виявлення протягом встановленого гарантійного строку недоліків у Товарі, Покупець особисто, в порядку та у строки, що встановлені законодавством України, має право пред'явити Продавцеві вимоги, передбачені Законом України «Про захист прав споживачів». При пред’явленні вимог про безоплатне усунення недоліків, строк на їх усунення відраховується з дати отримання Товару Продавцем в своє розпорядження та фізичного доступу до такого Товару.",
    "section6ListItem6Title": "6.6.",
    "section6ListItem6": "Розгляд вимог, передбачених Законом України «Про захист прав споживачів», провадиться Продавцем за умови надання Покупцем документів, передбачених чинним законодавством України. Продавець не відповідає за недоліки Товару, які виникли після його передання Покупцеві внаслідок порушення Покупцем правил користування або зберігання Товару, дій третіх осіб або непереборної сили.",
    "section6ListItem7Title": "6.7.",
    "section6ListItem7": "Покупець не має права відмовитися від товару належної якості, що має індивідуально-визначені властивості, якщо зазначений товар може бути використаний виключно Покупцем, який його придбав, (в т.ч. за за бажанням Покупця не стандартні розміри, характеристики, зовнішній вигляд, комплектація та інше). Підтвердженням того, що товар має індивідуально-визначені властивості, є відмінність розмірів товару та інших характеристик, що вказані в інтернет-магазині.",
    "section6ListItem8Title": "6.8.",
    "section6ListItem8": "Повернення товару, у випадках, передбачених законом та цим Договором, здійснюється за адресою, вказаною на сайті в розділі «Контакти».",
    "section7Title": "7. Відповідальність",
    "section7ListItem1Title": "7.1.",
    "section7ListItem1": "Продавець не несе відповідальності за шкоду, заподіяну Покупцеві або третім особам внаслідок неналежного монтажу, використання, зберігання Товару придбаного у Продавця.",
    "section7ListItem2Title": "7.2.",
    "section7ListItem2": "Продавець не несе відповідальності за неналежне, несвоєчасне виконання Замовлень і своїх зобов’язань у випадку надання Покупцем недостовірної або помилкової інформації.",
    "section7ListItem3Title": "7.3.",
    "section7ListItem3": "Продавець і Покупець несуть відповідальність за виконання своїх зобов'язань відповідно до чинного законодавства України і положень цього Договору.",
    "section7ListItem4Title": "7.4.",
    "section7ListItem4": "Продавець або Покупець звільняються від відповідальності за повне або часткове невиконання своїх зобов'язань, якщо невиконання є наслідком форс-мажорних обставин як: війна або військові дії, землетрус, повінь, пожежа та інші стихійні лиха, що виникли незалежно від волі Продавця і / або Покупця після укладення цього договору. Сторона, яка не може виконати свої зобов'язання, негайно повідомляє про це іншу Сторону.",
    "section8Title": "8. Конфіденційність і захист персональних даних",
    "section8ListItem1Title": "8.1.",
    "section8ListItem1": "Надаючи свої персональні дані на сайті Інтернет-магазину при реєстрації або оформленні Замовлення, Покупець надає Продавцеві свою добровільну згоду на обробку, використання (у тому числі і передачу) своїх персональних даних, а також вчинення інших дій, передбачених Законом України «Про захист персональних даних», без обмеження терміну дії такої згоди.",
    "section8ListItem2Title": "8.2.",
    "section8ListItem2": "Продавець зобов'язується не розголошувати отриману від Покупця інформацію. Не вважається порушенням надання Продавцем інформації контрагентам і третім особам, що діють на підставі договору з Продавцем, в тому числі і для виконання зобов'язань перед Покупцем, а також у випадках, коли розкриття такої інформації встановлено вимогами чинного законодавства України.",
    "section8ListItem3Title": "8.3.",
    "section8ListItem3": "Покупець несе відповідальність за підтримання своїх персональних даних в актуальному стані. Продавець не несе відповідальності за неякісне виконання або невиконання своїх зобов'язань у зв'язку з неактуальністю інформації про Покупця або невідповідністю її дійсності.",
    "section9Title": "9. Інші умови",
    "section9ListItem1Title": "9.1.",
    "section9ListItem1": "Цей договір укладено на території України і діє відповідно до чинного законодавства України.",
    "section9ListItem2Title": "9.2.",
    "section9ListItem2": "Усі спори, що виникають між Покупцем і Продавцем, вирішуються шляхом переговорів. У випадку недосягнення врегулювання спірного питання шляхом переговорів, Покупець та/або Продавець мають право звернутися за вирішенням спору до судових органів відповідно до чинного законодавства України.",
    "section9ListItem3Title": "9.3.",
    "section9ListItem3": "Продавець має право вносити зміни до цього Договору в односторонньому порядку, передбаченому п. 5.2.1. Договору. Крім того, зміни до Договору також можуть бути внесені за взаємною згодою Сторін в порядку, передбаченому чинним законодавством України."
  },
  "modalForm": {
    "title": "Замовити дзвінок",
    "namePlaceholder": "Введіть ваше ім'я",
    "nameError": "Будь ласка, введіть ваше ім’я.",
    "phonePlaceholder": "+380XXXXXXXXX",
    "phoneError": "Невірний формат телефону. Введіть номер у форматі +380 або 0 і 9 цифр.",
    "submitButton": "Надіслати заявку",
    "submitSuccess": "Заявка надіслана! Перевірте консоль для деталей."
  },
  "howWeWork": {
    "title": "Як ми працюємо?",
    "titleHighlight": "ми",
    "step1Title": "Оформлення замовлення",
    "step1Description": "Виберіть відповідний товар для себе на сайті і зробіть замовлення.",
    "step2Title": "Зворотній зв’язок",
    "step2Description": "Протягом 20 хвилин ми зв'яжемось з Вами, для деталізації замовлення.",
    "step3Title": "Замовлення товару",
    "step3Description": "Замовляється даний товар в Польщі на базі. Перевіряється на якість.",
    "step4Title": "Доставка товару",
    "step4Description": "Відповідний товар доставляється на склад, а потім до покупця."
  },
  "heroSection": {
    "title": "Підбір автозапчастин",
    "filter1": "Виберіть марку",
    "filter2": "Виберіть модель",
    "filter3": "Виберіть модифікацію",
    "filter4": "Виберіть групу",
    "filter5": "Виберіть категорію",
    "buttonText": "Підібрати"
  },
  "chooseCategory": {
    "title": "Вибір товарів за категоріями",
    "titleHighlight": "Вибір"
  },
  "catalogContent": {
    "filterTabFilter": "Фільтр",
    "filterTabSort": "Сортування",
    "filterLabel": "Сортування товару:",
    "sortPopular": "Найпопулярніший",
    "sortCheapest": "Найдешевший",
    "sortExpensive": "Найдорожчий",
    "conditionLabel": "Стан товару:",
    "conditionUsed": "Б/В",
    "conditionNew": "Новий",
    "applyButton": "Застосувати",
    "filter1": "Виберіть марку",
    "filter2": "Виберіть модель",
    "filter3": "Виберіть модифікацію",
    "filter4": "Виберіть групу",
    "filter5": "Виберіть категорію",
    "selectButton": "Підібрати",
    "categoriesTitle": "Категорії товарів",
    "activeFiltersTitle": "Активні фільтри",
    "sortBy": "Сортувати по:",
    "sortOptions": {
      "popularity": "Популярності",
      "priceLowToHigh": "Ціні: від низької до високої",
      "priceHighToLow": "Ціні: від високої до низької",
      "newest": "Новизні"
    },
    "productsByCategoriesTitle": "Категорія категорія",
    "productsByCategoriesPara": "Категорії групи категорія категорія",
    "lotNumberLabel": "Номер лота:",
    "addToCart": "В кошик"
  },
  "popularProducts": {
    "title": "Популярні товари",
    "titleHighlight": "Популярні",
    "lotNumberLabel": "Номер лота:",
    "addToCart": "В кошик",
    "loadMoreButton": "Показати ще"
  },
  "productContent": {
    "title": "{name}",
    "inStock": "В наявності",
    "price": "{price} грн.",
    "wishlist": {
      "add": "Додати до переліку побажань",
      "remove": "Видалити зі списку бажань",
      "notificationAdd": "Товар додано до списку бажань",
      "notificationRemove": "Товар видалено зі списку бажань"
    },
    "actions": {
      "buy": "Купити",
      "inCart": "У кошику",
      "oneClick": "Купити в 1-клік",
      "cartNotification": "Товар додано до кошика"
    },
    "infoSections": {
      "delivery": {
        "title": "Доставка",
        "items": [
          "Доставка: 3-7 робочих днів",
          "Доставка по Україні: Нова Пошта"
        ]
      },
      "warrantyAndSafety": {
        "title": "Гарантія та безпека",
        "guarantee": "Ми гарантуємо: безпеку угоди!",
        "items": [
          "Надамо розрахунковий рахунок юридичної особи",
          "Надамо документи підприємця"
        ]
      },
      "advantages": {
        "title": "Наші переваги",
        "items": [
          "Широкий асортимент",
          "Найкраща ціна"
        ]
      }
    },
    "features": {
      "title": "Оригінальний опис"
    },
    "modal": {
      "title": "Купити в 1-клік",
      "nameLabel": "Ваше ім'я",
      "phoneLabel": "Телефон",
      "required": "*",
      "phoneError": "Номер телефону має починатися з +380, 380 або 0 і містити 9 цифр після коду",
      "submitButton": "Відправити"
    },
    "successOrder": {
      "thankYou": "Спасибі",
      "forPurchase": "за покупку!",
      "orderNumber": "Замовлення №{number}",
      "storeInfo": "У нас в магазині більш {count} запчастин",
      "comeBack": "чекаємо Вас ще.",
      "withLove": "З",
      "continueShopping": "Продовжити покупки"
    }
  }
}