[
    {
      "path": "Acura.jpg",
      "title": "Acura"
    },
    {
      "path": "Alfa_Romeo.jpg",
      "title": "Alfa Romeo"
    },
    {
      "path": "Aston_Martin.jpg",
      "title": "Aston Martin"
    },
    {
      "path": "Audi.jpg",
      "title": "Audi"
    },
    {
      "path": "Bentley.jpg",
      "title": "Bentley"
    },
    {
      "path": "Bmw.jpg",
      "title": "Bmw"
    },
    {
      "path": "Cadillac.jpg",
      "title": "Cadillac"
    },
    {
      "path": "Chevrolet.jpg",
      "title": "Chevrolet"
    },
    {
      "path": "Chrysler.jpg",
      "title": "Chrysler"
    },
    {
      "path": "Citroen.jpg",
      "title": "Citroen"
    },
    {
      "path": "Dacia.jpg",
      "title": "Dacia"
    },
    {
      "path": "Daewoo.jpg",
      "title": "Daewoo"
    },
    {
      "path": "Daf.jpg",
      "title": "Daf"
    },
    {
      "path": "Daihatsu.jpg",
      "title": "Daihatsu"
    },
    {
      "path": "Dodge.jpg",
      "title": "Dodge"
    },
    {
      "path": "Ferrari.jpg",
      "title": "Ferrari"
    },
    {
      "path": "Fiat.jpg",
      "title": "Fiat"
    },
    {
      "path": "Ford.jpg",
      "title": "Ford"
    },
    {
      "path": "FSO.jpg",
      "title": "FSO"
    },
    {
      "path": "Gmc.jpg",
      "title": "Gmc"
    },
    {
      "path": "Haval.jpg",
      "title": "Haval"
    },
    {
      "path": "Honda.jpg",
      "title": "Honda"
    },
    {
      "path": "Hummer.jpg",
      "title": "Hummer"
    },
    {
      "path": "Hyundai.jpg",
      "title": "Hyundai"
    },
    {
      "path": "Infiniti.jpg",
      "title": "Infiniti"
    },
    {
      "path": "Isuzu.jpg",
      "title": "Isuzu"
    },
    {
      "path": "Iveco.jpg",
      "title": "Iveco"
    },
    {
      "path": "Jaguar.jpg",
      "title": "Jaguar"
    },
    {
      "path": "Jeep.jpg",
      "title": "Jeep"
    },
    {
      "path": "Kia.jpg",
      "title": "Kia"
    },
    {
      "path": "Lamborghini.jpg",
      "title": "Lamborghini"
    },
    {
      "path": "Lancia.jpg",
      "title": "Lancia"
    },
    {
      "path": "Land_Rover.jpg",
      "title": "Land Rover"
    },
    {
      "path": "Lexus.jpg",
      "title": "Lexus"
    },
    {
      "path": "Lincoln.jpg",
      "title": "Lincoln"
    },
    {
      "path": "Man.jpg",
      "title": "Man"
    },
    {
      "path": "Maserati.jpg",
      "title": "Maserati"
    },
    {
      "path": "Mazda.jpg",
      "title": "Mazda"
    },
    {
      "path": "Mercedes.jpg",
      "title": "Mercedes"
    },
    {
      "path": "MG.jpg",
      "title": "MG"
    },
    {
      "path": "Mini.jpg",
      "title": "Mini"
    },
    {
      "path": "Mitsubishi.jpg",
      "title": "Mitsubishi"
    },
    {
      "path": "Nissan.jpg",
      "title": "Nissan"
    },
    {
      "path": "Opel.jpg",
      "title": "Opel"
    },
    {
      "path": "Peugeot.jpg",
      "title": "Peugeot"
    },
    {
      "path": "Pontiac.jpg",
      "title": "Pontiac"
    },
    {
      "path": "Porsche.jpg",
      "title": "Porsche"
    },
    {
      "path": "Rover.jpg",
      "title": "Rover"
    },
    {
      "path": "Saab.jpg",
      "title": "Saab"
    },
    {
      "path": "Scania.jpg",
      "title": "Scania"
    },
    {
      "path": "Seat.jpg",
      "title": "Seat"
    },
    {
      "path": "Skoda.jpg",
      "title": "Skoda"
    },
    {
      "path": "Smart.jpg",
      "title": "Smart"
    },
    {
      "path": "Ssang_Yong.jpg",
      "title": "Ssang Yong"
    },
    {
      "path": "Subaru.jpg",
      "title": "Subaru"
    },
    {
      "path": "Suzuki.jpg",
      "title": "Suzuki"
    },
    {
      "path": "Tesla.jpg",
      "title": "Tesla"
    },
    {
      "path": "Toyota.jpg",
      "title": "Toyota"
    },
    {
      "path": "Volkswagen.jpg",
      "title": "Volkswagen"
    },
    {
      "path": "Volvo.jpg",
      "title": "Volvo"
    }
  ]